CREATE SCHEMA IF NOT EXISTS refugioanimal_20;
USE refugioanimal_20;
CREATE TABLE `adoptantes` 
(
    `id_adoptante`	INT PRIMARY KEY,
    `nombre_adoptante`	VARCHAR(512),
    `apellido_adoptante`	VARCHAR(512),
    `dni_adoptante`	INT,
    `domicilio_adoptante`	VARCHAR(512),
    `telefono_adoptante`	INT,
    `id_animal`	INT,
    `fecha_adopcion`	VARCHAR(512)
);
INSERT INTO `adoptantes` (`id_adoptante`, `nombre_adoptante`, `apellido_adoptante`, `dni_adoptante`, `domicilio_adoptante`, `telefono_adoptante`, `id_animal`, `fecha_adopcion`) VALUES
	('1', 'Dilly', 'Manterfield', '20404129', 'Calle Falsa 123', '1592576195', '2', '2023-03-21'),
	('2', 'Teodora', 'Kittle', '35121073', 'Calle Falsa 123', '1523697315', '4', '2023-02-01'),
	('3', 'Artemas', 'Elbourne', '70851461', 'Calle Falsa 123', '1527518381', '5', '2023-01-09'),
	('4', 'Marcella', 'Manclark', '14020098', 'Calle Falsa 123', '1518070940', '8', '2022-12-25'),
	('5', 'Whitman', 'Galea', '40765707', 'Calle Falsa 123', '1596638465', '4', '2023-08-02'),
	('6', 'Nikolia', 'Druitt', '55554889', 'Calle Falsa 123', '1567605252', '4', '2023-01-02'),
	('7', 'Bridget', 'Savery', '33606807', 'Calle Falsa 123', '1595947970', '4', '2023-06-09'),
	('8', 'Pauletta', 'Ranscome', '49016174', 'Calle Falsa 123', '1529623983', '2', '2023-01-22'),
	('9', 'Inger', 'Cortese', '15536896', 'Calle Falsa 123', '1561040222', '8', '2023-03-02'),
	('10', 'Marshal', 'McNelis', '52190506', 'Calle Falsa 123', '1526131469', '1', '2023-05-29');
    
CREATE TABLE `animales` 
(
    `id_animal`	INT PRIMARY KEY,
    `nombre_animal`	VARCHAR(512),
    `raza_animal`	VARCHAR(512),
    `descripcion`	VARCHAR(512),
    `fecha_ingreso`	VARCHAR(512),
    `edad_estimada_animal`	INT,
    `id_estado`	INT,
    `sexo`	VARCHAR(512)
);
INSERT INTO `animales` (`id_animal`, `nombre_animal`, `raza_animal`, `descripcion`, `fecha_ingreso`, `edad_estimada_animal`, `id_estado`, `sexo`) VALUES
	('1', 'Nollie', 'Siamese', 'territorial', '2023-03-11', '9', '1', 'M'),
	('2', 'Wilhelmine', '', 'territorial', '2022-11-29', '0', '4', 'F'),
	('3', 'Sean', 'Siamese', 'agresivo', '2023-06-12', '12', '2', 'M'),
	('4', 'Taylor', 'Golden Retriever', 'agresivo', '2022-09-24', '13', '2', 'M'),
	('5', 'Murdock', 'Labrador Retriever', 'territorial', '2023-03-25', '12', '7', 'M'),
	('6', 'Laurie', 'Siamese', 'juguetón', '2022-09-17', '11', '5', 'M'),
	('7', 'Mort', '', 'agresivo', '2023-05-25', '1', '2', 'M'),
	('8', 'Kimberly', 'Siamese', 'amigable', '2023-03-18', '4', '5', 'F'),
	('9', 'Sheryl', '', 'territorial', '2023-07-28', '17', '5', 'F'),
	('10', 'Pietra', '', 'territorial', '2023-04-29', '11', '2', 'F'),
	('11', 'Alvera', '', 'tímido', '2022-11-16', '19', '5', 'F'),
	('12', 'Willabella', 'Siamese', 'curioso', '2022-09-05', '4', '5', 'F'),
	('13', 'Art', 'Siamese', 'curioso', '2023-05-15', '9', '1', 'M'),
	('14', 'Lorrie', '', 'curioso', '2023-07-16', '7', '3', 'F'),
	('15', 'Barthel', '', 'agresivo', '2023-01-13', '12', '5', 'M'),
	('16', 'Ennis', 'Bulldog', 'juguetón', '2023-02-05', '20', '5', 'M'),
	('17', 'Gert', 'Poodle', 'juguetón', '2023-05-30', '9', '2', 'F'),
	('18', 'Delainey', 'Golden Retriever', 'curioso', '2023-04-15', '6', '5', 'M'),
	('19', 'Mychal', 'Bulldog', 'territorial', '2023-07-09', '13', '6', 'M'),
	('20', 'Romy', 'Poodle', 'territorial', '2023-06-01', '7', '4', 'F'),
	('21', 'Calvin', 'Persian', 'amigable', '2022-08-26', '6', '6', 'M'),
	('22', 'Clemmy', '', 'tímido', '2023-04-26', '7', '4', 'M'),
	('23', 'Kevan', '', 'amigable', '2022-09-04', '8', '3', 'M'),
	('24', 'Reade', 'Poodle', 'territorial', '2022-11-22', '16', '7', 'M'),
	('25', 'De', '', 'tímido', '2023-06-03', '14', '1', 'F'),
	('26', 'Rahel', '', 'juguetón', '2023-04-06', '8', '2', 'F'),
	('27', 'Ofelia', '', 'amigable', '2023-03-31', '15', '1', 'F'),
	('28', 'Paddie', 'German Shepherd', 'juguetón', '2022-09-14', '4', '3', 'M'),
	('29', 'Meryl', 'Golden Retriever', 'juguetón', '2023-06-29', '1', '1', 'M'),
	('30', 'Daniel', 'Bulldog', 'tímido', '2023-04-02', '13', '3', 'M'),
	('31', 'Madalyn', '', 'curioso', '2023-07-08', '16', '6', 'F'),
	('32', 'Lorianne', 'Maine Coon', 'juguetón', '2023-01-21', '10', '6', 'F'),
	('33', 'Steven', 'German Shepherd', 'territorial', '2023-03-08', '14', '6', 'M'),
	('34', 'Solly', 'Maine Coon', 'territorial', '2022-12-23', '7', '3', 'M'),
	('35', 'Aeriela', 'Maine Coon', 'amigable', '2023-06-28', '18', '6', 'F'),
	('36', 'Jessalyn', 'Poodle', 'territorial', '2023-07-18', '1', '4', 'F'),
	('37', 'Chen', '', 'curioso', '2022-11-03', '17', '6', 'M'),
	('38', 'Rich', 'Golden Retriever', 'juguetón', '2022-10-26', '6', '3', 'M'),
	('39', 'Vale', '', 'agresivo', '2022-12-07', '1', '1', 'F'),
	('40', 'Padraic', 'Poodle', 'territorial', '2023-04-14', '17', '2', 'M'),
	('41', 'Jorey', '', 'amigable', '2023-04-04', '9', '6', 'F'),
	('42', 'Amalia', 'Persian', 'curioso', '2023-01-26', '20', '6', 'F'),
	('43', 'Paco', 'Siamese', 'amigable', '2023-04-10', '12', '6', 'M'),
	('44', 'Jasen', 'German Shepherd', 'juguetón', '2023-06-05', '12', '7', 'M'),
	('45', 'Michael', 'Labrador Retriever', 'amigable', '2023-02-24', '10', '1', 'M'),
	('46', 'Kerstin', 'Maine Coon', 'agresivo', '2023-05-23', '12', '7', 'F'),
	('47', 'Parrnell', 'German Shepherd', 'amigable', '2023-01-17', '6', '1', 'M'),
	('48', 'Nathaniel', '', 'juguetón', '2023-02-18', '4', '4', 'M'),
	('49', 'Miles', '', 'tímido', '2022-10-05', '7', '5', 'M'),
	('50', 'Brig', 'Bulldog', 'tímido', '2023-02-01', '18', '1', 'M'),
	('51', 'Correna', '', 'territorial', '2023-03-15', '17', '3', 'F'),
	('52', 'Christophe', 'Maine Coon', 'amigable', '2023-05-23', '6', '3', 'M'),
	('53', 'Lulu', 'Maine Coon', 'tímido', '2023-01-04', '8', '7', 'F'),
	('54', 'Terencio', 'Siamese', 'curioso', '2023-06-25', '2', '6', 'M'),
	('55', 'Muhammad', 'Maine Coon', 'tímido', '2023-03-04', '6', '1', 'M'),
	('56', 'Eli', '', 'amigable', '2022-12-23', '14', '5', 'M'),
	('57', 'Erasmus', '', 'territorial', '2022-10-16', '18', '4', 'M'),
	('58', 'Gilli', '', 'territorial', '2023-02-05', '2', '4', 'F'),
	('59', 'Pavel', 'Labrador Retriever', 'agresivo', '2023-07-15', '6', '7', 'M'),
	('60', 'Drucy', 'Poodle', 'tímido', '2023-07-08', '5', '4', 'F'),
	('61', 'Iormina', 'Siamese', 'curioso', '2023-06-20', '7', '2', 'F'),
	('62', 'Eachelle', 'Maine Coon', 'territorial', '2022-10-01', '4', '2', 'F'),
	('63', 'Rosaleen', 'Maine Coon', 'agresivo', '2023-06-13', '4', '6', 'F'),
	('64', 'Major', 'Golden Retriever', 'territorial', '2023-01-01', '18', '5', 'M'),
	('65', 'Mireielle', '', 'amigable', '2022-10-14', '8', '3', 'F'),
	('66', 'Mohammed', 'Poodle', 'territorial', '2022-11-09', '1', '5', 'M'),
	('67', 'Nicole', '', 'territorial', '2022-11-10', '6', '5', 'F'),
	('68', 'Chelsie', 'Siamese', 'agresivo', '2023-05-02', '18', '2', 'F'),
	('69', 'Vi', 'German Shepherd', 'juguetón', '2022-11-14', '3', '4', 'F'),
	('70', 'Zuzana', 'Poodle', 'tímido', '2023-05-12', '19', '2', 'F'),
	('71', 'Leonanie', 'Maine Coon', 'tímido', '2023-04-22', '3', '3', 'F'),
	('72', 'Hannah', 'Siamese', 'juguetón', '2023-02-09', '5', '6', 'F'),
	('73', 'Jake', 'Poodle', 'juguetón', '2023-04-19', '10', '6', 'M'),
	('74', 'Jobyna', '', 'curioso', '2023-01-18', '9', '4', 'F'),
	('75', 'Felice', '', 'territorial', '2022-11-15', '19', '3', 'M'),
	('76', 'Krystalle', 'Persian', 'amigable', '2023-03-02', '9', '5', 'F'),
	('77', 'Ginger', 'Labrador Retriever', 'agresivo', '2023-08-14', '12', '2', 'M'),
	('78', 'Hendrika', 'Labrador Retriever', 'juguetón', '2022-12-02', '12', '1', 'F'),
	('79', 'Vaughn', 'Poodle', 'territorial', '2023-03-03', '4', '2', 'M'),
	('80', 'Nichol', 'Maine Coon', 'tímido', '2023-03-08', '11', '6', 'F'),
	('81', 'Jodie', 'Poodle', 'territorial', '2023-08-10', '14', '1', 'M'),
	('82', 'Giacobo', 'Siamese', 'juguetón', '2022-10-11', '11', '1', 'M'),
	('83', 'Linnie', 'Labrador Retriever', 'tímido', '2022-12-24', '16', '4', 'F'),
	('84', 'Viviana', 'Maine Coon', 'amigable', '2023-03-07', '7', '1', 'F'),
	('85', 'Jobie', 'German Shepherd', 'juguetón', '2023-06-29', '5', '2', 'F'),
	('86', 'Malchy', '', 'tímido', '2023-02-24', '3', '2', 'M'),
	('87', 'Glennie', '', 'agresivo', '2023-04-17', '4', '7', 'F'),
	('88', 'Fredek', 'German Shepherd', 'juguetón', '2022-12-06', '13', '2', 'M'),
	('89', 'Daisi', 'Golden Retriever', 'territorial', '2023-03-25', '4', '3', 'F'),
	('90', 'Avie', 'Labrador Retriever', 'agresivo', '2023-06-30', '19', '2', 'F'),
	('91', 'Alec', 'Labrador Retriever', 'juguetón', '2022-09-07', '6', '1', 'M'),
	('92', 'Quinton', '', 'territorial', '2023-07-04', '20', '6', 'M'),
	('93', 'Clotilda', 'Golden Retriever', 'curioso', '2023-03-30', '0', '7', 'F'),
	('94', 'Grantley', '', 'amigable', '2023-03-23', '5', '1', 'M'),
	('95', 'Dion', 'German Shepherd', 'amigable', '2023-03-29', '19', '6', 'F'),
	('96', 'Dru', '', 'agresivo', '2023-06-08', '12', '5', 'M'),
	('97', 'Chicky', '', 'agresivo', '2022-11-06', '17', '6', 'F'),
	('98', 'Alice', 'Siamese', 'amigable', '2023-08-12', '15', '4', 'F'),
	('99', 'Trude', 'Siamese', 'juguetón', '2022-09-20', '16', '6', 'F'),
	('100', 'Orville', 'Bulldog', 'curioso', '2023-04-11', '19', '3', 'M'),
	('101', 'Agnella', 'Poodle', 'juguetón', '2023-03-28', '4', '6', 'F'),
	('102', 'Rheba', 'Maine Coon', 'juguetón', '2023-04-26', '1', '1', 'F'),
	('103', 'Lazare', 'Golden Retriever', 'territorial', '2022-09-18', '9', '7', 'M'),
	('104', 'Nealson', 'Labrador Retriever', 'juguetón', '2022-09-12', '17', '7', 'M'),
	('105', 'Eda', 'Siamese', 'tímido', '2023-06-24', '15', '1', 'F'),
	('106', 'Jayson', 'Siamese', 'juguetón', '2022-10-23', '14', '1', 'M'),
	('107', 'Ardis', '', 'tímido', '2022-09-25', '13', '5', 'F'),
	('108', 'Ches', 'Persian', 'agresivo', '2023-07-31', '16', '3', 'M'),
	('109', 'Drusy', 'Maine Coon', 'amigable', '2022-11-02', '17', '5', 'F'),
	('110', 'Lindy', 'Golden Retriever', 'curioso', '2023-01-30', '9', '3', 'M'),
	('111', 'Orelia', '', 'territorial', '2023-07-23', '16', '6', 'F'),
	('112', 'Gwyneth', '', 'agresivo', '2023-02-05', '2', '4', 'F'),
	('113', 'Tymothy', 'Bulldog', 'juguetón', '2022-10-13', '10', '2', 'M'),
	('114', 'Kari', 'German Shepherd', 'territorial', '2023-07-24', '0', '2', 'F'),
	('115', 'Jobyna', 'Bulldog', 'amigable', '2022-11-19', '18', '7', 'F'),
	('116', 'Ignacius', 'Poodle', 'tímido', '2023-07-21', '0', '3', 'M'),
	('117', 'Albie', 'Poodle', 'agresivo', '2023-02-16', '8', '2', 'M'),
	('118', 'Cornell', 'German Shepherd', 'juguetón', '2023-05-31', '10', '4', 'M'),
	('119', 'Tod', 'Labrador Retriever', 'curioso', '2022-09-18', '18', '6', 'M'),
	('120', 'Bert', 'Siamese', 'territorial', '2023-03-06', '10', '5', 'M'),
	('121', 'Marissa', '', 'territorial', '2023-03-15', '15', '4', 'F'),
	('122', 'Austen', 'German Shepherd', 'juguetón', '2022-10-18', '18', '4', 'M'),
	('123', 'Irina', 'Siamese', 'amigable', '2022-10-27', '10', '6', 'F'),
	('124', 'Windy', 'German Shepherd', 'tímido', '2023-02-07', '3', '2', 'F'),
	('125', 'Hestia', '', 'amigable', '2023-01-22', '10', '4', 'F'),
	('126', 'Briney', 'German Shepherd', 'juguetón', '2023-03-13', '4', '3', 'F'),
	('127', 'Car', 'Siamese', 'juguetón', '2023-03-17', '14', '2', 'M'),
	('128', 'Woody', '', 'amigable', '2023-08-02', '9', '5', 'M'),
	('129', 'Rianon', '', 'amigable', '2022-09-16', '10', '5', 'F'),
	('130', 'Chris', '', 'curioso', '2022-10-08', '14', '6', 'M'),
	('131', 'Gregoire', 'Siamese', 'territorial', '2022-11-12', '10', '1', 'M'),
	('132', 'Cathyleen', 'Golden Retriever', 'juguetón', '2023-03-09', '2', '4', 'F'),
	('133', 'Jen', '', 'territorial', '2023-06-13', '12', '7', 'F'),
	('134', 'Nance', 'Maine Coon', 'amigable', '2022-08-30', '11', '4', 'F'),
	('135', 'Sadye', 'Poodle', 'curioso', '2023-01-08', '17', '6', 'F'),
	('136', 'Porty', '', 'juguetón', '2023-01-17', '3', '6', 'M'),
	('137', 'Langston', 'Maine Coon', 'amigable', '2023-05-13', '9', '3', 'M'),
	('138', 'Roarke', 'Persian', 'tímido', '2022-11-19', '16', '5', 'M'),
	('139', 'Reynard', 'Bulldog', 'juguetón', '2023-05-11', '14', '1', 'M'),
	('140', 'Salvatore', 'Maine Coon', 'territorial', '2023-07-05', '13', '1', 'M'),
	('141', 'Norman', 'Persian', 'agresivo', '2023-05-24', '17', '4', 'M'),
	('142', 'Jeffrey', 'Persian', 'territorial', '2022-12-29', '17', '7', 'M'),
	('143', 'Jolie', 'Golden Retriever', 'curioso', '2023-05-19', '5', '2', 'F'),
	('144', 'Devina', '', 'curioso', '2023-07-14', '20', '3', 'F'),
	('145', 'Carol-jean', 'Maine Coon', 'curioso', '2022-12-18', '0', '3', 'F'),
	('146', 'Fernandina', 'Labrador Retriever', 'tímido', '2023-02-03', '13', '7', 'F'),
	('147', 'Hermann', 'Golden Retriever', 'agresivo', '2022-11-09', '16', '3', 'M'),
	('148', 'Georgi', 'Bulldog', 'tímido', '2023-02-08', '12', '6', 'M'),
	('149', 'Hyatt', '', 'amigable', '2023-05-19', '5', '6', 'M'),
	('150', 'Vin', 'Poodle', 'curioso', '2022-09-09', '16', '7', 'F'),
	('151', 'Moise', 'Labrador Retriever', 'juguetón', '2023-03-30', '12', '1', 'M'),
	('152', 'Adan', 'Bulldog', 'curioso', '2022-09-24', '11', '2', 'M'),
	('153', 'Petrina', 'Persian', 'tímido', '2022-12-18', '20', '1', 'F'),
	('154', 'Judas', '', 'territorial', '2023-06-28', '14', '3', 'M'),
	('155', 'Patrica', 'Siamese', 'amigable', '2023-06-13', '2', '5', 'F'),
	('156', 'Lynea', 'Labrador Retriever', 'tímido', '2023-06-11', '17', '6', 'F'),
	('157', 'Rhonda', '', 'agresivo', '2023-03-18', '8', '4', 'F'),
	('158', 'Crissy', 'Labrador Retriever', 'tímido', '2023-05-25', '11', '7', 'F'),
	('159', 'Beryle', 'Golden Retriever', 'amigable', '2023-01-16', '8', '6', 'F'),
	('160', 'Ginnie', 'Labrador Retriever', 'curioso', '2023-06-27', '11', '6', 'F'),
	('161', 'Chevalier', 'Labrador Retriever', 'territorial', '2022-10-28', '14', '3', 'M'),
	('162', 'Laina', 'Bulldog', 'juguetón', '2023-04-13', '9', '7', 'F'),
	('163', 'Nola', 'Persian', 'curioso', '2023-07-29', '10', '7', 'F'),
	('164', 'Derby', 'Persian', 'tímido', '2022-11-30', '13', '5', 'M'),
	('165', 'Killy', 'Siamese', 'amigable', '2023-07-07', '2', '1', 'M'),
	('166', 'Federico', 'Poodle', 'tímido', '2022-09-01', '0', '4', 'M'),
	('167', 'Arturo', 'Poodle', 'curioso', '2023-05-06', '11', '7', 'M'),
	('168', 'Emmett', 'Bulldog', 'territorial', '2023-01-30', '2', '4', 'M'),
	('169', 'Ondrea', 'Siamese', 'curioso', '2023-04-14', '10', '1', 'F'),
	('170', 'Valida', 'German Shepherd', 'territorial', '2023-08-13', '4', '1', 'F'),
	('171', 'Linoel', 'Poodle', 'tímido', '2023-06-06', '18', '6', 'M'),
	('172', 'Jay', 'German Shepherd', 'amigable', '2023-01-08', '18', '1', 'M'),
	('173', 'Tedra', '', 'agresivo', '2023-04-14', '11', '6', 'F'),
	('174', 'Hashim', 'Poodle', 'agresivo', '2022-12-01', '2', '4', 'M'),
	('175', 'Syd', 'Golden Retriever', 'agresivo', '2023-03-10', '0', '4', 'M'),
	('176', 'Tamara', 'German Shepherd', 'juguetón', '2022-09-08', '7', '6', 'F'),
	('177', 'Nerty', 'Bulldog', 'agresivo', '2023-02-03', '15', '4', 'F'),
	('178', 'Carolus', 'Bulldog', 'juguetón', '2022-11-09', '11', '6', 'M'),
	('179', 'Wes', '', 'curioso', '2023-01-13', '7', '7', 'M'),
	('180', 'Doy', 'Maine Coon', 'curioso', '2023-07-24', '15', '6', 'M'),
	('181', 'Vergil', '', 'curioso', '2023-06-13', '20', '6', 'M'),
	('182', 'Bren', 'Poodle', 'tímido', '2022-09-01', '13', '7', 'F'),
	('183', 'Wit', 'Persian', 'amigable', '2022-12-18', '3', '6', 'M'),
	('184', 'Devina', 'Golden Retriever', 'agresivo', '2022-09-06', '1', '6', 'F'),
	('185', 'Melvyn', 'Golden Retriever', 'amigable', '2023-02-22', '8', '1', 'M'),
	('186', 'Bald', '', 'curioso', '2023-07-29', '19', '6', 'M'),
	('187', 'Lief', 'Labrador Retriever', 'territorial', '2022-12-16', '19', '4', 'M'),
	('188', 'Zane', 'Golden Retriever', 'amigable', '2022-11-02', '0', '1', 'M'),
	('189', 'Chery', 'Siamese', 'curioso', '2023-01-09', '14', '4', 'F'),
	('190', 'Pacorro', 'Siamese', 'curioso', '2023-03-31', '12', '1', 'M'),
	('191', 'Brandi', 'Labrador Retriever', 'juguetón', '2023-01-11', '19', '4', 'F'),
	('192', 'Mirna', '', 'juguetón', '2023-05-20', '5', '2', 'F'),
	('193', 'Horacio', 'Bulldog', 'territorial', '2023-06-12', '7', '6', 'M'),
	('194', 'Zena', 'Maine Coon', 'territorial', '2022-09-19', '2', '1', 'F'),
	('195', 'Bail', 'Maine Coon', 'territorial', '2023-04-14', '2', '1', 'M'),
	('196', 'Abba', '', 'juguetón', '2023-05-28', '11', '6', 'M'),
	('197', 'Gertruda', 'Bulldog', 'tímido', '2023-03-21', '5', '7', 'F'),
	('198', 'Rochell', '', 'agresivo', '2023-08-11', '20', '6', 'F'),
	('199', 'Evanne', '', 'tímido', '2023-08-06', '4', '6', 'F'),
	('200', 'Rodie', '', 'territorial', '2023-07-29', '9', '6', 'F'),
	('201', 'Maureene', '', 'tímido', '2022-09-04', '6', '1', 'F'),
	('202', 'Lacee', 'Labrador Retriever', 'agresivo', '2023-05-14', '13', '1', 'F'),
	('203', 'Wendye', '', 'agresivo', '2022-10-21', '1', '7', 'F'),
	('204', 'Izaak', '', 'amigable', '2023-07-24', '11', '4', 'M'),
	('205', 'Harrie', 'Labrador Retriever', 'amigable', '2023-04-18', '7', '7', 'F'),
	('206', 'Norma', '', 'agresivo', '2022-08-19', '20', '1', 'F'),
	('207', 'Bria', 'Labrador Retriever', 'territorial', '2023-07-25', '19', '7', 'F'),
	('208', 'Amandi', 'Labrador Retriever', 'territorial', '2022-12-04', '10', '4', 'F'),
	('209', 'Dorry', 'Labrador Retriever', 'territorial', '2022-11-13', '4', '5', 'F'),
	('210', 'Aloisia', 'Maine Coon', 'juguetón', '2023-07-10', '20', '1', 'F'),
	('211', 'Stephine', 'Persian', 'territorial', '2023-05-28', '0', '5', 'F'),
	('212', 'Adele', '', 'amigable', '2023-01-07', '0', '3', 'F'),
	('213', 'Penni', 'Bulldog', 'tímido', '2023-02-25', '20', '4', 'F'),
	('214', 'Ian', '', 'territorial', '2022-11-09', '15', '6', 'M'),
	('215', 'Nels', 'Bulldog', 'juguetón', '2023-07-20', '1', '7', 'M'),
	('216', 'Roderigo', 'Golden Retriever', 'territorial', '2023-03-24', '8', '1', 'M'),
	('217', 'Andria', 'Golden Retriever', 'amigable', '2023-07-11', '8', '4', 'F'),
	('218', 'Ericka', 'Bulldog', 'territorial', '2023-05-11', '10', '3', 'F'),
	('219', 'Alfonso', '', 'agresivo', '2022-10-06', '13', '2', 'M'),
	('220', 'Zonda', 'Siamese', 'curioso', '2023-03-24', '19', '1', 'F'),
	('221', 'Vinita', '', 'curioso', '2022-12-22', '10', '5', 'F'),
	('222', 'Kaspar', 'Maine Coon', 'curioso', '2023-01-29', '18', '5', 'M'),
	('223', 'Franny', 'Labrador Retriever', 'amigable', '2022-11-17', '10', '7', 'M'),
	('224', 'Zitella', '', 'amigable', '2023-01-27', '15', '7', 'F'),
	('225', 'Coreen', 'Persian', 'juguetón', '2023-06-13', '14', '1', 'F'),
	('226', 'Lindie', '', 'amigable', '2023-08-07', '9', '4', 'F'),
	('227', 'Marilee', '', 'amigable', '2023-06-04', '15', '3', 'F'),
	('228', 'Ilsa', '', 'territorial', '2022-10-22', '12', '3', 'F'),
	('229', 'Rosemarie', '', 'amigable', '2023-04-24', '17', '2', 'F'),
	('230', 'Derry', 'German Shepherd', 'juguetón', '2022-10-31', '5', '5', 'M'),
	('231', 'Baudoin', '', 'territorial', '2023-05-25', '14', '5', 'M'),
	('232', 'Dorrie', 'Siamese', 'agresivo', '2022-10-06', '3', '2', 'F'),
	('233', 'Carlin', '', 'territorial', '2023-07-12', '17', '4', 'M'),
	('234', 'Reena', 'Maine Coon', 'territorial', '2023-03-11', '18', '1', 'F'),
	('235', 'Eolanda', 'Persian', 'amigable', '2023-02-23', '4', '2', 'F'),
	('236', 'Harli', 'Maine Coon', 'tímido', '2023-03-30', '15', '7', 'F'),
	('237', 'Ethelyn', '', 'territorial', '2023-05-19', '7', '7', 'F'),
	('238', 'Justis', 'Golden Retriever', 'tímido', '2022-11-23', '15', '6', 'M'),
	('239', 'Alameda', 'Persian', 'juguetón', '2022-12-25', '11', '5', 'F'),
	('240', 'Gabrila', 'German Shepherd', 'curioso', '2022-10-06', '11', '5', 'F'),
	('241', 'Elisabeth', 'Bulldog', 'tímido', '2022-12-16', '9', '3', 'F'),
	('242', 'Zebadiah', '', 'tímido', '2023-01-16', '20', '4', 'M'),
	('243', 'Malinda', 'Bulldog', 'amigable', '2023-04-28', '2', '6', 'F'),
	('244', 'Christel', 'Bulldog', 'territorial', '2023-01-26', '13', '5', 'F'),
	('245', 'Loraine', 'Siamese', 'curioso', '2023-07-19', '4', '4', 'F'),
	('246', 'Christyna', '', 'curioso', '2022-12-18', '17', '7', 'F'),
	('247', 'Elwyn', '', 'juguetón', '2023-03-11', '11', '5', 'M'),
	('248', 'Margaux', 'Siamese', 'territorial', '2022-11-12', '7', '7', 'F'),
	('249', 'Carrissa', '', 'tímido', '2022-11-15', '11', '1', 'F'),
	('250', 'Kala', 'Maine Coon', 'amigable', '2023-02-13', '2', '6', 'F'),
	('251', 'Clo', 'Maine Coon', 'curioso', '2023-07-29', '4', '1', 'F'),
	('252', 'Marita', 'Bulldog', 'amigable', '2023-02-17', '2', '6', 'F'),
	('253', 'Rozamond', 'Bulldog', 'territorial', '2023-07-20', '6', '5', 'F'),
	('254', 'Nanette', '', 'juguetón', '2023-06-19', '18', '7', 'F'),
	('255', 'Birdie', 'Persian', 'curioso', '2023-07-25', '13', '2', 'F'),
	('256', 'Starr', 'Maine Coon', 'curioso', '2023-06-09', '14', '1', 'F'),
	('257', 'Barnie', '', 'juguetón', '2023-06-11', '18', '5', 'M'),
	('258', 'Gregorius', 'Labrador Retriever', 'amigable', '2022-11-11', '6', '3', 'M'),
	('259', 'Ashlie', 'Labrador Retriever', 'territorial', '2023-06-07', '12', '6', 'F'),
	('260', 'Mitch', 'Labrador Retriever', 'juguetón', '2023-02-23', '17', '4', 'M'),
	('261', 'Frasco', 'German Shepherd', 'curioso', '2022-09-21', '14', '5', 'M'),
	('262', 'Aldous', 'Persian', 'amigable', '2023-01-28', '10', '3', 'M'),
	('263', 'Haydon', '', 'agresivo', '2022-11-29', '17', '2', 'M'),
	('264', 'Brantley', '', 'territorial', '2023-06-21', '4', '6', 'M'),
	('265', 'Mona', 'Poodle', 'curioso', '2023-01-31', '20', '3', 'F'),
	('266', 'Woodrow', 'Persian', 'amigable', '2023-04-12', '11', '6', 'M'),
	('267', 'Sophie', 'German Shepherd', 'tímido', '2023-07-06', '12', '3', 'F'),
	('268', 'Kelsi', 'German Shepherd', 'amigable', '2022-09-19', '18', '7', 'F'),
	('269', 'Charlotte', 'Maine Coon', 'juguetón', '2023-02-17', '9', '3', 'F'),
	('270', 'Trixie', '', 'territorial', '2023-03-19', '20', '6', 'F'),
	('271', 'Maurene', '', 'amigable', '2023-06-13', '4', '2', 'F'),
	('272', 'Hillary', 'German Shepherd', 'agresivo', '2022-09-29', '20', '3', 'F'),
	('273', 'Sydney', '', 'territorial', '2023-05-10', '2', '2', 'F'),
	('274', 'Bruis', 'Persian', 'territorial', '2023-04-15', '8', '5', 'M'),
	('275', 'Ruddie', 'Maine Coon', 'curioso', '2023-06-08', '15', '2', 'M'),
	('276', 'Harlan', 'Maine Coon', 'agresivo', '2022-10-22', '6', '6', 'M'),
	('277', 'Emalia', 'Persian', 'curioso', '2022-11-06', '14', '7', 'F'),
	('278', 'Remus', 'German Shepherd', 'curioso', '2023-05-23', '7', '2', 'M'),
	('279', 'Tam', 'Golden Retriever', 'territorial', '2022-09-27', '4', '6', 'M'),
	('280', 'Gardner', 'Siamese', 'curioso', '2023-07-07', '19', '4', 'M'),
	('281', 'Atlante', 'Poodle', 'tímido', '2022-09-24', '9', '4', 'F'),
	('282', 'Jacintha', 'Siamese', 'territorial', '2022-12-14', '18', '3', 'F'),
	('283', 'Karia', 'Bulldog', 'juguetón', '2022-10-21', '11', '4', 'F'),
	('284', 'Meyer', 'Bulldog', 'amigable', '2023-02-08', '7', '3', 'M'),
	('285', 'Heinrick', '', 'juguetón', '2022-08-28', '10', '1', 'M'),
	('286', 'Anthia', 'Persian', 'curioso', '2023-07-02', '7', '5', 'F'),
	('287', 'Davidde', 'Persian', 'tímido', '2022-12-18', '15', '2', 'M'),
	('288', 'Billie', 'Maine Coon', 'agresivo', '2023-04-17', '12', '7', 'M'),
	('289', 'Gerald', '', 'juguetón', '2023-08-10', '0', '3', 'M'),
	('290', 'Daniella', 'Labrador Retriever', 'territorial', '2022-11-26', '0', '3', 'F'),
	('291', 'Davis', 'Siamese', 'tímido', '2022-11-19', '19', '1', 'M'),
	('292', 'Perren', 'Bulldog', 'tímido', '2023-06-12', '12', '3', 'M'),
	('293', 'Ross', 'German Shepherd', 'curioso', '2023-07-15', '4', '5', 'M'),
	('294', 'Augusto', '', 'tímido', '2023-01-11', '12', '6', 'M'),
	('295', 'Karol', 'German Shepherd', 'territorial', '2023-03-17', '18', '3', 'F'),
	('296', 'Terri', 'Persian', 'curioso', '2022-12-23', '0', '1', 'M'),
	('297', 'Bendick', '', 'curioso', '2023-07-01', '10', '7', 'M'),
	('298', 'Mahmud', '', 'agresivo', '2022-11-29', '19', '3', 'M'),
	('299', 'Dedra', 'Poodle', 'curioso', '2022-09-16', '18', '5', 'F'),
	('300', 'Francois', 'Maine Coon', 'tímido', '2023-02-06', '7', '4', 'M'),
	('301', 'Nellie', '', 'agresivo', '2023-03-06', '5', '2', 'F'),
	('302', 'Emmerich', 'Persian', 'territorial', '2023-03-12', '6', '3', 'M'),
	('303', 'Siegfried', 'Poodle', 'curioso', '2023-05-07', '6', '1', 'M'),
	('304', 'Ase', '', 'curioso', '2022-10-07', '16', '4', 'M'),
	('305', 'Deeann', '', 'curioso', '2023-02-16', '9', '1', 'F'),
	('306', 'Esmeralda', '', 'amigable', '2023-07-16', '20', '2', 'F'),
	('307', 'Tammy', '', 'curioso', '2023-06-19', '11', '2', 'F'),
	('308', 'Gerty', '', 'tímido', '2023-05-11', '13', '4', 'F'),
	('309', 'Michel', 'Poodle', 'juguetón', '2022-10-04', '0', '2', 'M'),
	('310', 'Carlos', 'Bulldog', 'curioso', '2023-05-29', '1', '3', 'M'),
	('311', 'Caralie', '', 'agresivo', '2023-07-25', '4', '3', 'F'),
	('312', 'Allianora', 'Golden Retriever', 'amigable', '2022-09-30', '6', '2', 'F'),
	('313', 'Pete', 'Bulldog', 'curioso', '2023-01-07', '7', '1', 'M'),
	('314', 'Weston', 'Bulldog', 'curioso', '2022-12-15', '15', '4', 'M'),
	('315', 'Friederike', 'Golden Retriever', 'tímido', '2023-06-22', '16', '6', 'F'),
	('316', 'Marchelle', 'Maine Coon', 'amigable', '2023-06-11', '10', '7', 'F'),
	('317', 'Chrystel', 'Persian', 'juguetón', '2023-03-22', '8', '1', 'F'),
	('318', 'Tandy', 'Labrador Retriever', 'amigable', '2022-08-22', '15', '5', 'F'),
	('319', 'Jonell', 'German Shepherd', 'agresivo', '2023-05-14', '17', '1', 'F'),
	('320', 'Bradford', 'Bulldog', 'agresivo', '2022-12-10', '1', '1', 'M'),
	('321', 'Yule', 'Poodle', 'tímido', '2022-09-25', '14', '6', 'M'),
	('322', 'Trefor', 'Maine Coon', 'amigable', '2022-09-04', '1', '1', 'M'),
	('323', 'Fletcher', 'Poodle', 'amigable', '2023-04-28', '15', '3', 'M'),
	('324', 'Even', 'Labrador Retriever', 'agresivo', '2023-08-04', '9', '3', 'M'),
	('325', 'Chic', 'Labrador Retriever', 'juguetón', '2023-06-03', '12', '7', 'M'),
	('326', 'Marleen', 'Poodle', 'territorial', '2023-02-11', '5', '7', 'F'),
	('327', 'Clovis', 'Golden Retriever', 'curioso', '2023-01-07', '4', '3', 'F'),
	('328', 'Renault', 'Golden Retriever', 'tímido', '2023-01-15', '5', '1', 'M'),
	('329', 'Claudetta', 'Labrador Retriever', 'amigable', '2022-12-15', '16', '3', 'F'),
	('330', 'Madison', 'Labrador Retriever', 'juguetón', '2023-04-30', '15', '7', 'M'),
	('331', 'Gerrilee', 'Maine Coon', 'amigable', '2023-07-29', '1', '2', 'F'),
	('332', 'Mikol', '', 'tímido', '2023-03-01', '17', '6', 'M'),
	('333', 'Upton', 'Siamese', 'amigable', '2023-04-01', '12', '6', 'M'),
	('334', 'Benedict', 'Labrador Retriever', 'amigable', '2023-04-18', '3', '5', 'M'),
	('335', 'Gloriane', 'Poodle', 'amigable', '2023-02-14', '6', '7', 'F'),
	('336', 'Bartlet', '', 'tímido', '2023-02-08', '15', '5', 'M'),
	('337', 'Granville', 'Labrador Retriever', 'juguetón', '2023-07-02', '5', '6', 'M'),
	('338', 'Lenore', '', 'agresivo', '2022-09-21', '15', '3', 'F'),
	('339', 'Emilee', 'Maine Coon', 'territorial', '2022-10-03', '11', '3', 'F'),
	('340', 'Langston', 'Persian', 'curioso', '2022-12-19', '20', '1', 'M'),
	('341', 'Carlin', 'German Shepherd', 'tímido', '2023-02-06', '19', '6', 'F'),
	('342', 'Carolina', 'Maine Coon', 'amigable', '2022-09-16', '2', '7', 'F'),
	('343', 'Lyman', 'Bulldog', 'juguetón', '2022-11-23', '2', '5', 'M'),
	('344', 'Selia', 'German Shepherd', 'amigable', '2023-06-14', '20', '7', 'F'),
	('345', 'Nana', 'Labrador Retriever', 'tímido', '2023-05-01', '8', '4', 'F'),
	('346', 'Ignacio', 'Maine Coon', 'curioso', '2023-04-27', '13', '7', 'M'),
	('347', 'Barn', '', 'territorial', '2022-10-30', '7', '4', 'M'),
	('348', 'Sari', 'Persian', 'tímido', '2023-03-21', '11', '3', 'F'),
	('349', 'Corbet', 'Labrador Retriever', 'territorial', '2023-07-19', '17', '4', 'M'),
	('350', 'Courtnay', 'Maine Coon', 'curioso', '2023-01-08', '3', '2', 'F'),
	('351', 'Fairlie', 'Labrador Retriever', 'juguetón', '2022-09-07', '14', '1', 'M'),
	('352', 'Ingeberg', 'Poodle', 'curioso', '2023-04-01', '11', '2', 'F'),
	('353', 'Gayelord', 'Labrador Retriever', 'juguetón', '2022-09-27', '17', '3', 'M'),
	('354', 'Shea', 'Labrador Retriever', 'territorial', '2022-12-07', '9', '1', 'F'),
	('355', 'Emlen', 'Golden Retriever', 'amigable', '2022-12-12', '19', '3', 'M'),
	('356', 'Corry', 'German Shepherd', 'curioso', '2023-01-02', '6', '3', 'F'),
	('357', 'Hilda', 'Poodle', 'juguetón', '2023-04-18', '10', '7', 'F'),
	('358', 'Pasquale', 'Labrador Retriever', 'amigable', '2023-02-09', '5', '6', 'M'),
	('359', 'West', '', 'curioso', '2022-12-22', '19', '2', 'M'),
	('360', 'Frederica', 'Siamese', 'juguetón', '2022-10-18', '3', '6', 'F'),
	('361', 'Lucinda', '', 'juguetón', '2023-01-24', '15', '3', 'F'),
	('362', 'Kristel', 'Siamese', 'curioso', '2023-08-03', '4', '7', 'F'),
	('363', 'Archibold', 'Poodle', 'tímido', '2023-01-21', '15', '1', 'M'),
	('364', 'Brod', '', 'territorial', '2023-06-29', '18', '4', 'M'),
	('365', 'Keely', 'Maine Coon', 'tímido', '2022-09-15', '13', '7', 'F'),
	('366', 'Salvatore', 'Maine Coon', 'juguetón', '2023-05-19', '8', '4', 'M'),
	('367', 'Bucky', '', 'agresivo', '2023-05-05', '14', '7', 'M'),
	('368', 'Tommi', 'Maine Coon', 'juguetón', '2023-04-18', '2', '3', 'F'),
	('369', 'Delainey', 'Poodle', 'tímido', '2023-05-12', '2', '3', 'M'),
	('370', 'Lynnette', '', 'juguetón', '2022-10-05', '8', '3', 'F'),
	('371', 'Delbert', 'Bulldog', 'territorial', '2023-02-14', '11', '5', 'M'),
	('372', 'Rockwell', 'Labrador Retriever', 'agresivo', '2023-04-02', '18', '5', 'M'),
	('373', 'Gris', 'Bulldog', 'agresivo', '2023-03-18', '3', '1', 'M'),
	('374', 'Euphemia', 'Siamese', 'tímido', '2022-12-20', '19', '3', 'F'),
	('375', 'Brig', 'German Shepherd', 'curioso', '2022-12-27', '19', '7', 'M'),
	('376', 'Kayle', 'Poodle', 'curioso', '2022-11-26', '9', '7', 'F'),
	('377', 'Shelley', 'Poodle', 'territorial', '2023-01-19', '11', '4', 'M'),
	('378', 'Ivory', '', 'amigable', '2023-02-08', '14', '2', 'F'),
	('379', 'Lynnett', 'Labrador Retriever', 'agresivo', '2023-06-04', '14', '5', 'F'),
	('380', 'Clementius', 'Labrador Retriever', 'amigable', '2023-07-03', '1', '4', 'M'),
	('381', 'Ingeberg', 'Bulldog', 'tímido', '2023-04-23', '15', '5', 'F'),
	('382', 'Tally', 'Poodle', 'territorial', '2023-04-24', '3', '6', 'M'),
	('383', 'Ford', '', 'tímido', '2022-09-26', '7', '3', 'M'),
	('384', 'Elwira', 'Siamese', 'agresivo', '2022-09-09', '11', '7', 'F'),
	('385', 'Ardyce', 'Golden Retriever', 'territorial', '2023-05-05', '18', '2', 'F'),
	('386', 'Normie', 'Persian', 'curioso', '2023-02-15', '11', '3', 'M'),
	('387', 'Farrand', 'German Shepherd', 'amigable', '2023-06-02', '3', '6', 'F'),
	('388', 'Ignacio', '', 'amigable', '2023-04-04', '1', '5', 'M'),
	('389', 'Sebastian', '', 'tímido', '2023-03-14', '8', '3', 'M'),
	('390', 'Halie', 'Siamese', 'curioso', '2023-04-29', '0', '2', 'F'),
	('391', 'Dom', 'Persian', 'tímido', '2023-03-25', '4', '2', 'M'),
	('392', 'Jeffy', 'Labrador Retriever', 'curioso', '2023-02-13', '10', '1', 'M'),
	('393', 'Whitney', 'Siamese', 'tímido', '2022-09-05', '17', '4', 'M'),
	('394', 'Selia', '', 'curioso', '2022-10-16', '4', '4', 'F'),
	('395', 'Davidde', 'Persian', 'tímido', '2022-11-04', '6', '6', 'M'),
	('396', 'Sandi', 'Siamese', 'tímido', '2022-10-12', '20', '5', 'F'),
	('397', 'Lucienne', '', 'amigable', '2022-11-13', '17', '7', 'F'),
	('398', 'Rockwell', 'Maine Coon', 'tímido', '2022-09-25', '11', '5', 'M'),
	('399', 'Cathy', '', 'juguetón', '2023-05-01', '1', '2', 'F'),
	('400', 'Nickolaus', 'Poodle', 'agresivo', '2022-09-19', '12', '7', 'M'),
	('401', 'Malvin', 'German Shepherd', 'amigable', '2022-10-03', '16', '7', 'M'),
	('402', 'Dulcine', 'Golden Retriever', 'amigable', '2023-07-10', '4', '5', 'F'),
	('403', 'Felicle', '', 'territorial', '2023-01-05', '6', '3', 'F'),
	('404', 'Celeste', '', 'territorial', '2023-07-02', '15', '4', 'F'),
	('405', 'Kelley', '', 'agresivo', '2022-09-07', '1', '4', 'M'),
	('406', 'Curt', 'Labrador Retriever', 'juguetón', '2022-11-20', '20', '2', 'M'),
	('407', 'Isabel', 'Persian', 'juguetón', '2022-08-19', '6', '4', 'F'),
	('408', 'Bambi', '', 'agresivo', '2023-07-11', '3', '7', 'F'),
	('409', 'Nady', 'Maine Coon', 'curioso', '2023-02-06', '14', '6', 'F'),
	('410', 'Robin', 'Siamese', 'amigable', '2023-05-14', '17', '3', 'F'),
	('411', 'Loise', '', 'territorial', '2023-07-20', '18', '2', 'F'),
	('412', 'Halsey', 'Siamese', 'territorial', '2023-07-19', '9', '4', 'M'),
	('413', 'Giorgia', 'German Shepherd', 'territorial', '2023-06-15', '0', '7', 'F'),
	('414', 'Silvanus', 'Siamese', 'juguetón', '2023-01-16', '17', '5', 'M'),
	('415', 'Stavro', '', 'tímido', '2023-03-28', '6', '5', 'M'),
	('416', 'Leah', 'Maine Coon', 'agresivo', '2023-05-28', '18', '1', 'F'),
	('417', 'Neville', '', 'agresivo', '2023-02-12', '18', '5', 'M'),
	('418', 'Ted', 'Siamese', 'agresivo', '2023-07-31', '5', '2', 'F'),
	('419', 'Ursula', 'Persian', 'curioso', '2022-12-24', '9', '5', 'F'),
	('420', 'Ginni', 'German Shepherd', 'territorial', '2022-12-07', '17', '4', 'F'),
	('421', 'Florenza', 'Labrador Retriever', 'amigable', '2023-05-08', '0', '7', 'F'),
	('422', 'Cedric', 'Labrador Retriever', 'juguetón', '2023-03-06', '17', '1', 'M'),
	('423', 'Grange', 'Siamese', 'territorial', '2023-03-28', '1', '2', 'M'),
	('424', 'Craig', 'German Shepherd', 'territorial', '2022-09-10', '14', '5', 'M'),
	('425', 'Bertie', 'Poodle', 'agresivo', '2023-04-02', '11', '6', 'F'),
	('426', 'Briana', 'Siamese', 'territorial', '2022-12-14', '19', '2', 'F'),
	('427', 'Hali', '', 'agresivo', '2022-09-24', '10', '2', 'F'),
	('428', 'Ham', 'Siamese', 'amigable', '2022-11-17', '6', '4', 'M'),
	('429', 'Byron', 'German Shepherd', 'juguetón', '2023-03-14', '7', '4', 'M'),
	('430', 'Gerda', 'Labrador Retriever', 'juguetón', '2022-10-05', '9', '6', 'F'),
	('431', 'Robina', 'Persian', 'agresivo', '2023-05-18', '18', '2', 'F'),
	('432', 'Agace', 'Golden Retriever', 'amigable', '2023-01-14', '9', '1', 'F'),
	('433', 'Willette', 'Poodle', 'tímido', '2022-11-13', '4', '7', 'F'),
	('434', 'Ashli', 'Bulldog', 'amigable', '2023-06-26', '15', '4', 'F'),
	('435', 'Brandea', 'German Shepherd', 'territorial', '2023-01-27', '10', '1', 'F'),
	('436', 'Fritz', '', 'tímido', '2023-04-22', '10', '4', 'M'),
	('437', 'Mireille', 'Poodle', 'curioso', '2022-09-14', '19', '3', 'F'),
	('438', 'Lynnelle', 'Siamese', 'juguetón', '2023-07-02', '20', '1', 'F'),
	('439', 'Quillan', 'Bulldog', 'juguetón', '2023-01-21', '17', '1', 'M'),
	('440', 'Jacquenette', '', 'agresivo', '2023-05-01', '1', '6', 'F'),
	('441', 'Berti', 'Labrador Retriever', 'agresivo', '2023-04-17', '20', '7', 'F'),
	('442', 'Whitby', 'Golden Retriever', 'amigable', '2022-11-06', '10', '7', 'M'),
	('443', 'Marjorie', '', 'curioso', '2023-03-24', '8', '7', 'F'),
	('444', 'Enrika', 'Poodle', 'tímido', '2022-11-14', '19', '6', 'F'),
	('445', 'Donalt', 'Golden Retriever', 'territorial', '2023-02-13', '6', '2', 'M'),
	('446', 'Chen', '', 'territorial', '2023-02-24', '9', '5', 'M'),
	('447', 'Ikey', '', 'tímido', '2023-02-23', '0', '4', 'M'),
	('448', 'Arley', '', 'tímido', '2023-04-26', '6', '4', 'M'),
	('449', 'Eugine', 'Golden Retriever', 'amigable', '2023-03-22', '8', '4', 'F'),
	('450', 'Barbabra', '', 'amigable', '2023-04-09', '18', '2', 'F'),
	('451', 'Ailis', 'Labrador Retriever', 'agresivo', '2023-03-14', '11', '3', 'F'),
	('452', 'Torrin', 'Siamese', 'agresivo', '2023-05-03', '10', '4', 'M'),
	('453', 'Bordie', 'Labrador Retriever', 'agresivo', '2023-07-26', '1', '3', 'M'),
	('454', 'Rad', 'Maine Coon', 'agresivo', '2023-01-13', '4', '7', 'M'),
	('455', 'Hastie', 'Labrador Retriever', 'curioso', '2023-03-01', '0', '3', 'M'),
	('456', 'Harbert', 'Bulldog', 'territorial', '2022-09-19', '2', '5', 'M'),
	('457', 'Mickey', 'Bulldog', 'juguetón', '2023-05-12', '14', '1', 'M'),
	('458', 'Alasteir', '', 'amigable', '2023-08-05', '11', '7', 'M'),
	('459', 'Lonny', 'Labrador Retriever', 'territorial', '2023-01-31', '8', '6', 'M'),
	('460', 'Celestine', 'Poodle', 'territorial', '2022-11-23', '11', '2', 'F'),
	('461', 'Caleb', 'Siamese', 'tímido', '2022-12-09', '20', '5', 'M'),
	('462', 'Tristan', 'Golden Retriever', 'territorial', '2022-12-12', '0', '2', 'M'),
	('463', 'Emelen', 'German Shepherd', 'territorial', '2022-08-22', '15', '6', 'M'),
	('464', 'Cassaundra', '', 'tímido', '2023-08-02', '17', '7', 'F'),
	('465', 'Conrado', 'Poodle', 'curioso', '2022-12-09', '8', '6', 'M'),
	('466', 'Julianna', 'Persian', 'tímido', '2022-12-29', '10', '1', 'F'),
	('467', 'Libbi', 'Labrador Retriever', 'amigable', '2022-08-23', '12', '3', 'F'),
	('468', 'Tades', 'Poodle', 'curioso', '2023-05-08', '7', '2', 'M'),
	('469', 'Ole', '', 'territorial', '2022-12-11', '20', '1', 'M'),
	('470', 'Ferne', '', 'curioso', '2022-10-16', '12', '5', 'F'),
	('471', 'Ed', 'German Shepherd', 'territorial', '2022-12-26', '1', '5', 'M'),
	('472', 'Noel', '', 'agresivo', '2022-08-22', '0', '4', 'F'),
	('473', 'Tabbi', 'Persian', 'territorial', '2023-04-01', '3', '6', 'F'),
	('474', 'Kalie', 'German Shepherd', 'agresivo', '2022-10-19', '15', '3', 'F'),
	('475', 'Geoffry', 'Golden Retriever', 'agresivo', '2023-07-02', '18', '6', 'M'),
	('476', 'Glenden', 'Labrador Retriever', 'agresivo', '2022-09-13', '3', '1', 'M'),
	('477', 'Carmine', 'Labrador Retriever', 'curioso', '2023-05-14', '3', '1', 'F'),
	('478', 'Crystie', 'German Shepherd', 'agresivo', '2023-04-26', '12', '6', 'F'),
	('479', 'Pavia', '', 'curioso', '2023-04-11', '8', '7', 'F'),
	('480', 'Tabby', 'Maine Coon', 'curioso', '2023-08-10', '13', '1', 'M'),
	('481', 'Richart', 'Labrador Retriever', 'agresivo', '2022-11-01', '8', '6', 'M'),
	('482', 'Nigel', 'Maine Coon', 'juguetón', '2022-12-28', '12', '7', 'M'),
	('483', 'Meara', '', 'tímido', '2023-01-24', '8', '5', 'F'),
	('484', 'Electra', 'Golden Retriever', 'amigable', '2023-02-03', '9', '6', 'F'),
	('485', 'Allard', 'Maine Coon', 'amigable', '2023-06-23', '9', '3', 'M'),
	('486', 'Toby', '', 'juguetón', '2022-10-03', '9', '6', 'M'),
	('487', 'Herculie', 'Labrador Retriever', 'curioso', '2023-01-28', '20', '1', 'M'),
	('488', 'Lurlene', 'Persian', 'territorial', '2022-09-22', '5', '1', 'F'),
	('489', 'Sibel', 'Labrador Retriever', 'territorial', '2022-11-17', '8', '2', 'F'),
	('490', 'Armand', '', 'tímido', '2022-11-11', '10', '6', 'M'),
	('491', 'Avram', 'Poodle', 'juguetón', '2023-05-18', '17', '3', 'M'),
	('492', 'Mia', 'Golden Retriever', 'tímido', '2023-03-15', '8', '3', 'F'),
	('493', 'Zita', 'Poodle', 'territorial', '2023-06-01', '17', '1', 'F'),
	('494', 'Barrett', 'Labrador Retriever', 'curioso', '2023-03-07', '12', '7', 'M'),
	('495', 'Moise', 'German Shepherd', 'juguetón', '2023-06-10', '0', '3', 'M'),
	('496', 'Giuseppe', 'Labrador Retriever', 'curioso', '2023-04-13', '8', '4', 'M'),
	('497', 'Jaclyn', 'Maine Coon', 'amigable', '2023-01-13', '0', '3', 'F'),
	('498', 'Brinn', 'Persian', 'agresivo', '2023-03-13', '11', '4', 'F'),
	('499', 'Kory', 'Siamese', 'tímido', '2023-07-18', '10', '2', 'M'),
	('500', 'Dorothee', 'Persian', 'juguetón', '2022-11-26', '13', '7', 'F');
    CREATE TABLE `lista_cargos` 
(
    `id_cargo`	INT PRIMARY KEY,
    `cargo_cumplir`	VARCHAR(512)
);
INSERT INTO `lista_cargos` (`id_cargo`, `cargo_cumplir`) VALUES
	('1', 'Voluntario'),
	('2', 'Cuidador'),
	('3', 'Veterinario'),
	('4', 'Adiestrador'),
	('5', 'Administrativo'),
	('6', 'Mantenimiento'),
	('7', 'Chofer');
CREATE TABLE `compras` 
(
    `id_producto`	INT PRIMARY KEY,
    `tipo_compra`	VARCHAR(512),
    `cantidad`	INT,
    `fecha_compra`	VARCHAR(512),
    `precio_unitario`	DOUBLE,
    `monto_impositivo`	DOUBLE,
    `monto_total`	VARCHAR(512)
);
INSERT INTO `compras` (`id_producto`, `tipo_compra`, `cantidad`, `fecha_compra`, `precio_unitario`, `monto_impositivo`, `monto_total`) VALUES
	('1', 'Correa', '34', '2023-08-16', '42508.5', '518.14', '0'),
	('2', 'Juguetes', '30', '2024-03-30', '68308.27', '780.92', '0'),
	('3', 'Juguetes', '47', '2023-09-22', '13635.03', '137.73', '0'),
	('4', 'Potes de comida', '45', '2023-09-24', '13105.39', '552.72', '0'),
	('5', 'Gasto Veterinario', '31', '2023-12-03', '36475.0', '558.46', '0'),
	('6', 'Pañales', '53', '2024-03-06', '59129.35', '898.11', '0'),
	('7', 'Gasto Veterinario', '53', '2023-01-16', '45219.97', '611.01', '0'),
	('8', 'Potes de agua', '91', '2023-12-23', '75143.56', '660.77', '0'),
	('9', 'Cama', '20', '2022-12-27', '67605.09', '196.57', '0'),
	('10', 'Potes de agua', '9', '2024-06-22', '26564.21', '734.75', '0'),
	('11', 'Gasto Veterinario', '66', '2024-02-23', '71688.86', '151.12', '0'),
	('12', 'Collar', '62', '2024-06-21', '45691.48', '358.58', '0'),
	('13', 'Potes de comida', '60', '2024-02-06', '51946.76', '575.13', '0'),
	('14', 'Correa', '7', '2023-12-07', '23195.03', '758.4', '0'),
	('15', 'Gasto Veterinario', '44', '2023-06-11', '46724.63', '351.91', '0'),
	('16', 'Cuchas', '41', '2024-05-17', '22144.58', '231.33', '0'),
	('17', 'Cuchas', '20', '2024-02-06', '63684.85', '162.86', '0'),
	('18', 'Pañales', '82', '2022-11-24', '8823.16', '309.71', '0'),
	('19', 'Pañales', '38', '2023-07-27', '21734.18', '932.53', '0'),
	('20', 'Potes de agua', '99', '2023-12-08', '58766.79', '723.63', '0'),
	('21', 'Cuchas', '2', '2023-06-16', '44228.11', '237.77', '0'),
	('22', 'Cama', '49', '2022-12-23', '30670.4', '991.89', '0'),
	('23', 'Juguetes', '71', '2024-05-18', '43437.43', '617.84', '0'),
	('24', 'Gasto Veterinario', '96', '2023-03-04', '61917.09', '612.44', '0'),
	('25', 'Juguetes', '29', '2023-01-11', '70438.12', '758.63', '0'),
	('26', 'Comida', '22', '2022-08-20', '75116.05', '773.0', '0'),
	('27', 'Cuchas', '94', '2023-08-14', '14715.88', '392.3', '0'),
	('28', 'Comida', '93', '2024-02-01', '23332.39', '747.3', '0'),
	('29', 'Pañales', '41', '2024-02-28', '38839.38', '491.73', '0'),
	('30', 'Comida', '32', '2023-11-29', '60084.09', '557.62', '0'),
	('31', 'Pañales', '71', '2024-02-14', '67316.37', '222.36', '0'),
	('32', 'Correa', '66', '2022-10-30', '60913.32', '266.02', '0'),
	('33', 'Collar', '50', '2024-07-27', '52684.55', '477.71', '0'),
	('34', 'Collar', '36', '2023-12-12', '59873.03', '699.86', '0'),
	('35', 'Potes de agua', '33', '2023-05-30', '33037.16', '262.69', '0'),
	('36', 'Potes de comida', '45', '2022-10-20', '53754.74', '539.66', '0'),
	('37', 'Correa', '10', '2023-04-16', '19806.01', '692.03', '0'),
	('38', 'Potes de agua', '12', '2023-10-04', '37147.63', '379.48', '0'),
	('39', 'Comida', '9', '2024-05-20', '20496.14', '674.2', '0'),
	('40', 'Potes de comida', '65', '2023-09-13', '57704.48', '735.01', '0'),
	('41', 'Pañales', '39', '2024-05-14', '5329.26', '515.75', '0'),
	('42', 'Cama', '32', '2024-03-13', '14681.79', '867.81', '0'),
	('43', 'Potes de comida', '92', '2024-04-30', '61649.04', '730.96', '0'),
	('44', 'Cama', '86', '2023-11-03', '29105.93', '25.43', '0'),
	('45', 'Juguetes', '91', '2022-11-04', '19101.45', '490.28', '0'),
	('46', 'Potes de comida', '57', '2023-03-02', '59383.9', '423.01', '0'),
	('47', 'Correa', '58', '2023-07-14', '23607.27', '761.43', '0'),
	('48', 'Potes de comida', '55', '2024-07-11', '42663.13', '330.28', '0'),
	('49', 'Comida', '83', '2024-07-21', '15805.21', '702.82', '0'),
	('50', 'Juguetes', '30', '2024-05-11', '18561.63', '593.13', '0'),
	('51', 'Gasto Veterinario', '22', '2022-09-12', '64808.26', '759.26', '0'),
	('52', 'Collar', '17', '2023-06-09', '16113.85', '733.29', '0'),
	('53', 'Potes de agua', '78', '2023-01-30', '36579.9', '285.17', '0'),
	('54', 'Gasto Veterinario', '2', '2024-08-13', '7538.66', '781.85', '0'),
	('55', 'Juguetes', '16', '2024-03-14', '6076.65', '567.12', '0'),
	('56', 'Potes de comida', '97', '2023-03-31', '14997.24', '914.1', '0'),
	('57', 'Cama', '10', '2023-06-24', '67824.91', '613.31', '0'),
	('58', 'Correa', '33', '2024-03-03', '51851.43', '53.46', '0'),
	('59', 'Comida', '14', '2024-04-09', '8899.94', '269.74', '0'),
	('60', 'Cuchas', '46', '2023-07-01', '61370.41', '553.83', '0'),
	('61', 'Comida', '45', '2024-03-21', '25963.11', '26.4', '0'),
	('62', 'Collar', '63', '2023-09-16', '74087.58', '853.64', '0'),
	('63', 'Correa', '3', '2023-11-02', '5069.71', '641.89', '0'),
	('64', 'Pañales', '42', '2024-05-31', '48072.39', '700.99', '0'),
	('65', 'Gasto Veterinario', '66', '2023-02-21', '46772.24', '918.11', '0'),
	('66', 'Gasto Veterinario', '21', '2023-02-22', '65430.91', '599.84', '0'),
	('67', 'Gasto Veterinario', '21', '2023-07-04', '64606.31', '57.73', '0'),
	('68', 'Gasto Veterinario', '60', '2022-12-29', '66286.53', '40.2', '0'),
	('69', 'Correa', '54', '2024-07-12', '79338.73', '626.28', '0'),
	('70', 'Cuchas', '54', '2023-02-05', '74424.11', '871.92', '0'),
	('71', 'Cuchas', '44', '2023-07-13', '43502.28', '612.81', '0'),
	('72', 'Comida', '19', '2024-03-27', '74617.92', '861.07', '0'),
	('73', 'Juguetes', '27', '2023-03-03', '6368.96', '310.6', '0'),
	('74', 'Potes de agua', '38', '2023-11-23', '72102.7', '304.79', '0'),
	('75', 'Potes de agua', '90', '2022-12-05', '40516.24', '123.05', '0'),
	('76', 'Pañales', '87', '2023-04-10', '26162.73', '719.98', '0'),
	('77', 'Comida', '38', '2023-10-03', '34046.43', '675.84', '0'),
	('78', 'Potes de comida', '13', '2023-10-11', '34572.39', '24.74', '0'),
	('79', 'Collar', '8', '2022-12-18', '5894.59', '299.47', '0'),
	('80', 'Comida', '78', '2023-08-03', '29556.35', '749.24', '0'),
	('81', 'Potes de comida', '72', '2023-10-04', '6190.78', '681.02', '0'),
	('82', 'Gasto Veterinario', '57', '2023-07-16', '29173.62', '593.15', '0'),
	('83', 'Potes de comida', '44', '2023-07-19', '15596.89', '562.71', '0'),
	('84', 'Pañales', '1', '2023-01-22', '74468.07', '535.1', '0'),
	('85', 'Pañales', '95', '2024-04-26', '32559.26', '699.54', '0'),
	('86', 'Cuchas', '40', '2023-05-26', '65156.4', '962.19', '0'),
	('87', 'Cuchas', '66', '2023-08-04', '58274.32', '336.74', '0'),
	('88', 'Cama', '13', '2023-01-25', '52976.69', '881.07', '0'),
	('89', 'Comida', '95', '2024-03-21', '56807.99', '887.12', '0'),
	('90', 'Gasto Veterinario', '39', '2023-03-18', '49042.34', '47.47', '0'),
	('91', 'Correa', '90', '2024-08-12', '35594.88', '821.21', '0'),
	('92', 'Correa', '6', '2022-09-08', '10362.64', '957.07', '0'),
	('93', 'Juguetes', '26', '2023-01-15', '30154.09', '459.32', '0'),
	('94', 'Comida', '27', '2023-12-20', '54306.28', '535.28', '0'),
	('95', 'Cama', '60', '2024-01-17', '33779.53', '718.45', '0'),
	('96', 'Gasto Veterinario', '82', '2023-07-06', '61555.26', '533.83', '0'),
	('97', 'Correa', '16', '2022-10-10', '29049.36', '690.51', '0'),
	('98', 'Potes de comida', '26', '2022-09-16', '45643.02', '45.06', '0'),
	('99', 'Cama', '38', '2023-04-04', '44690.78', '731.75', '0'),
	('100', 'Correa', '64', '2023-05-25', '73728.13', '43.63', '0'),
	('101', 'Cama', '44', '2022-11-11', '27775.09', '256.88', '0'),
	('102', 'Correa', '10', '2023-04-24', '79009.1', '562.41', '0'),
	('103', 'Cama', '50', '2024-05-08', '43433.1', '832.65', '0'),
	('104', 'Gasto Veterinario', '39', '2023-02-05', '25634.43', '485.1', '0'),
	('105', 'Potes de agua', '28', '2024-02-02', '19041.08', '739.55', '0'),
	('106', 'Comida', '34', '2024-06-27', '35301.22', '28.42', '0'),
	('107', 'Potes de agua', '84', '2022-10-22', '42013.02', '193.61', '0'),
	('108', 'Gasto Veterinario', '25', '2024-02-11', '31921.56', '311.61', '0'),
	('109', 'Collar', '81', '2023-08-02', '46566.52', '157.55', '0'),
	('110', 'Comida', '98', '2023-01-19', '20347.53', '479.0', '0'),
	('111', 'Potes de agua', '31', '2024-02-29', '68551.91', '98.41', '0'),
	('112', 'Juguetes', '65', '2024-06-09', '52332.81', '325.48', '0'),
	('113', 'Potes de agua', '81', '2023-01-19', '23791.25', '518.79', '0'),
	('114', 'Pañales', '92', '2023-12-30', '33017.33', '409.87', '0'),
	('115', 'Correa', '86', '2022-12-20', '9396.7', '212.51', '0'),
	('116', 'Potes de agua', '6', '2022-12-07', '33419.36', '462.98', '0'),
	('117', 'Gasto Veterinario', '94', '2022-12-05', '74723.41', '696.94', '0'),
	('118', 'Comida', '12', '2022-09-23', '38349.21', '44.92', '0'),
	('119', 'Potes de agua', '97', '2023-02-27', '7238.23', '712.75', '0'),
	('120', 'Comida', '36', '2022-09-04', '34155.12', '48.3', '0'),
	('121', 'Potes de agua', '44', '2024-07-02', '58385.62', '278.68', '0'),
	('122', 'Potes de comida', '34', '2022-08-24', '75813.31', '904.56', '0'),
	('123', 'Pañales', '59', '2024-08-09', '33732.6', '638.59', '0'),
	('124', 'Correa', '7', '2023-05-15', '27237.27', '626.56', '0'),
	('125', 'Gasto Veterinario', '99', '2024-07-15', '31192.75', '918.64', '0'),
	('126', 'Collar', '17', '2022-10-05', '75551.83', '384.16', '0'),
	('127', 'Cama', '99', '2023-01-06', '27861.47', '912.46', '0'),
	('128', 'Pañales', '76', '2024-05-10', '71858.78', '397.32', '0'),
	('129', 'Comida', '66', '2023-03-17', '72660.7', '656.28', '0'),
	('130', 'Juguetes', '35', '2023-01-08', '68795.0', '352.11', '0'),
	('131', 'Correa', '46', '2023-12-26', '48898.18', '869.27', '0'),
	('132', 'Juguetes', '47', '2024-03-29', '28893.27', '121.26', '0'),
	('133', 'Collar', '5', '2023-04-11', '13932.97', '362.78', '0'),
	('134', 'Correa', '57', '2023-03-09', '41993.6', '12.17', '0'),
	('135', 'Potes de agua', '100', '2023-05-03', '69561.47', '634.21', '0'),
	('136', 'Collar', '59', '2023-05-08', '35555.77', '444.07', '0'),
	('137', 'Potes de comida', '99', '2024-02-06', '64137.83', '550.65', '0'),
	('138', 'Cuchas', '60', '2023-08-11', '42441.42', '494.45', '0'),
	('139', 'Pañales', '47', '2023-06-30', '77577.96', '94.04', '0'),
	('140', 'Collar', '84', '2024-07-21', '79908.21', '977.99', '0'),
	('141', 'Potes de agua', '26', '2022-12-30', '31078.67', '243.99', '0'),
	('142', 'Gasto Veterinario', '31', '2024-05-31', '24416.41', '677.01', '0'),
	('143', 'Potes de comida', '76', '2023-01-09', '43321.98', '736.92', '0'),
	('144', 'Cuchas', '58', '2024-06-22', '8501.74', '383.49', '0'),
	('145', 'Gasto Veterinario', '52', '2024-03-22', '60621.31', '882.53', '0'),
	('146', 'Cama', '78', '2024-07-02', '77539.13', '868.18', '0'),
	('147', 'Gasto Veterinario', '31', '2023-08-28', '71964.85', '411.96', '0'),
	('148', 'Cama', '7', '2024-02-25', '55438.99', '501.36', '0'),
	('149', 'Juguetes', '46', '2023-02-11', '26957.75', '601.54', '0'),
	('150', 'Potes de comida', '12', '2023-07-05', '18096.08', '720.27', '0'),
	('151', 'Potes de agua', '43', '2023-11-10', '48128.62', '848.14', '0'),
	('152', 'Juguetes', '3', '2023-06-06', '8229.12', '860.85', '0'),
	('153', 'Correa', '34', '2023-04-08', '75095.46', '241.35', '0'),
	('154', 'Correa', '50', '2023-02-10', '26130.15', '403.77', '0'),
	('155', 'Cama', '37', '2023-08-09', '64151.12', '280.26', '0'),
	('156', 'Cama', '87', '2023-02-10', '15928.09', '985.44', '0'),
	('157', 'Potes de comida', '94', '2023-04-18', '67075.15', '197.56', '0'),
	('158', 'Cuchas', '51', '2023-03-21', '11164.14', '26.36', '0'),
	('159', 'Potes de agua', '18', '2022-11-01', '38515.84', '617.52', '0'),
	('160', 'Potes de agua', '17', '2022-11-22', '17725.75', '512.17', '0'),
	('161', 'Potes de comida', '80', '2022-12-19', '18345.52', '676.33', '0'),
	('162', 'Correa', '56', '2023-05-15', '65001.37', '475.44', '0'),
	('163', 'Gasto Veterinario', '92', '2023-12-26', '24684.64', '624.58', '0'),
	('164', 'Collar', '7', '2023-07-12', '17554.0', '655.59', '0'),
	('165', 'Potes de comida', '89', '2024-01-24', '17698.47', '982.53', '0'),
	('166', 'Cuchas', '83', '2023-06-08', '23978.38', '596.49', '0'),
	('167', 'Gasto Veterinario', '63', '2023-06-04', '51743.65', '454.85', '0'),
	('168', 'Correa', '51', '2023-12-11', '39441.93', '623.26', '0'),
	('169', 'Juguetes', '89', '2024-03-13', '31258.11', '86.31', '0'),
	('170', 'Juguetes', '62', '2022-11-08', '29983.87', '975.76', '0'),
	('171', 'Gasto Veterinario', '17', '2023-01-19', '42814.04', '707.95', '0'),
	('172', 'Collar', '12', '2024-03-13', '44963.05', '408.02', '0'),
	('173', 'Cuchas', '79', '2023-07-04', '76386.54', '181.74', '0'),
	('174', 'Correa', '12', '2024-01-26', '35892.51', '10.15', '0'),
	('175', 'Juguetes', '11', '2023-12-03', '37830.7', '97.49', '0'),
	('176', 'Comida', '43', '2022-11-21', '37352.53', '104.78', '0'),
	('177', 'Potes de agua', '6', '2023-05-23', '59384.56', '696.6', '0'),
	('178', 'Pañales', '11', '2023-05-13', '11533.64', '343.53', '0'),
	('179', 'Juguetes', '80', '2023-10-09', '54377.52', '184.34', '0'),
	('180', 'Gasto Veterinario', '79', '2024-06-01', '7773.2', '871.72', '0'),
	('181', 'Cuchas', '74', '2023-04-27', '23468.6', '557.29', '0'),
	('182', 'Collar', '65', '2023-03-14', '46135.99', '940.57', '0'),
	('183', 'Juguetes', '57', '2023-09-07', '41959.7', '577.68', '0'),
	('184', 'Pañales', '9', '2022-12-26', '78016.31', '351.21', '0'),
	('185', 'Gasto Veterinario', '93', '2024-02-06', '25884.25', '577.52', '0'),
	('186', 'Potes de agua', '25', '2022-11-08', '37434.48', '569.09', '0'),
	('187', 'Potes de comida', '8', '2024-01-20', '48217.39', '688.85', '0'),
	('188', 'Potes de agua', '59', '2023-07-23', '8955.99', '645.8', '0'),
	('189', 'Comida', '25', '2022-10-22', '21445.94', '921.75', '0'),
	('190', 'Cama', '23', '2024-06-11', '12606.79', '602.7', '0'),
	('191', 'Collar', '38', '2023-09-04', '79614.34', '741.8', '0'),
	('192', 'Pañales', '73', '2022-09-21', '14715.13', '242.39', '0'),
	('193', 'Comida', '48', '2023-08-14', '35044.35', '278.47', '0'),
	('194', 'Pañales', '12', '2024-07-13', '40345.68', '803.51', '0'),
	('195', 'Juguetes', '3', '2022-09-06', '16406.39', '409.02', '0'),
	('196', 'Potes de comida', '20', '2024-05-31', '16165.66', '430.23', '0'),
	('197', 'Cama', '7', '2023-04-09', '55009.89', '8.9', '0'),
	('198', 'Pañales', '97', '2023-12-19', '47792.13', '659.15', '0'),
	('199', 'Potes de comida', '31', '2022-10-24', '24818.76', '201.45', '0'),
	('200', 'Comida', '28', '2024-05-14', '65073.3', '131.24', '0'),
	('201', 'Gasto Veterinario', '37', '2024-01-18', '72562.32', '49.02', '0'),
	('202', 'Cuchas', '33', '2024-04-28', '48872.12', '841.92', '0'),
	('203', 'Potes de comida', '43', '2024-04-03', '6641.95', '640.17', '0'),
	('204', 'Potes de comida', '61', '2024-04-08', '45447.31', '227.23', '0'),
	('205', 'Gasto Veterinario', '54', '2023-11-23', '38533.35', '101.97', '0'),
	('206', 'Collar', '83', '2023-04-29', '64604.93', '261.08', '0'),
	('207', 'Cuchas', '70', '2022-10-08', '35778.21', '4.12', '0'),
	('208', 'Juguetes', '80', '2024-07-25', '15029.87', '522.72', '0'),
	('209', 'Juguetes', '56', '2023-06-23', '52301.08', '925.22', '0'),
	('210', 'Correa', '92', '2023-07-26', '43991.69', '845.4', '0'),
	('211', 'Correa', '5', '2022-11-06', '25463.65', '730.84', '0'),
	('212', 'Potes de agua', '72', '2023-12-01', '13653.16', '272.2', '0'),
	('213', 'Juguetes', '43', '2023-04-10', '46429.13', '964.71', '0'),
	('214', 'Potes de agua', '81', '2022-08-27', '36650.92', '805.48', '0'),
	('215', 'Comida', '98', '2022-11-27', '27027.59', '500.32', '0'),
	('216', 'Gasto Veterinario', '97', '2022-11-24', '78222.57', '841.82', '0'),
	('217', 'Correa', '50', '2024-04-17', '53706.55', '249.77', '0'),
	('218', 'Collar', '98', '2024-07-23', '27361.37', '803.49', '0'),
	('219', 'Cuchas', '72', '2023-01-16', '70360.72', '575.74', '0'),
	('220', 'Potes de comida', '88', '2023-05-21', '76905.54', '791.72', '0'),
	('221', 'Juguetes', '9', '2024-06-12', '75144.11', '941.24', '0'),
	('222', 'Juguetes', '52', '2022-11-11', '49145.2', '874.79', '0'),
	('223', 'Pañales', '41', '2023-07-09', '47908.63', '842.66', '0'),
	('224', 'Cama', '11', '2024-07-13', '53691.15', '376.25', '0'),
	('225', 'Comida', '72', '2022-10-10', '61289.76', '918.1', '0'),
	('226', 'Correa', '36', '2023-07-06', '40319.73', '662.22', '0'),
	('227', 'Gasto Veterinario', '66', '2024-07-04', '44428.23', '230.62', '0'),
	('228', 'Juguetes', '43', '2024-05-26', '49300.41', '230.82', '0'),
	('229', 'Cama', '25', '2023-06-14', '62698.93', '325.74', '0'),
	('230', 'Pañales', '62', '2024-05-03', '17374.34', '748.38', '0'),
	('231', 'Cama', '91', '2023-04-26', '8152.22', '183.1', '0'),
	('232', 'Gasto Veterinario', '60', '2023-05-25', '65752.15', '183.04', '0'),
	('233', 'Correa', '58', '2023-10-04', '40674.14', '55.04', '0'),
	('234', 'Juguetes', '81', '2023-12-18', '28081.97', '478.94', '0'),
	('235', 'Potes de agua', '83', '2023-12-25', '79476.49', '819.97', '0'),
	('236', 'Juguetes', '6', '2023-08-25', '64997.03', '814.28', '0'),
	('237', 'Potes de agua', '74', '2023-07-28', '77612.45', '789.12', '0'),
	('238', 'Juguetes', '76', '2024-01-06', '28588.82', '616.57', '0'),
	('239', 'Cuchas', '94', '2023-07-29', '53029.16', '305.68', '0'),
	('240', 'Potes de comida', '43', '2022-12-04', '63473.03', '897.71', '0'),
	('241', 'Comida', '27', '2023-10-10', '74977.01', '183.74', '0'),
	('242', 'Juguetes', '33', '2022-09-06', '44342.02', '807.51', '0'),
	('243', 'Comida', '58', '2023-01-14', '47790.93', '991.84', '0'),
	('244', 'Gasto Veterinario', '4', '2023-01-24', '10820.13', '584.3', '0'),
	('245', 'Correa', '25', '2022-12-28', '41479.3', '963.76', '0'),
	('246', 'Comida', '35', '2024-02-10', '44855.13', '511.91', '0'),
	('247', 'Potes de agua', '74', '2024-02-10', '25589.09', '832.46', '0'),
	('248', 'Cuchas', '55', '2023-12-31', '14676.79', '116.42', '0'),
	('249', 'Potes de agua', '8', '2024-01-11', '68933.43', '579.84', '0'),
	('250', 'Collar', '57', '2022-11-14', '46623.11', '72.74', '0'),
	('251', 'Comida', '74', '2023-08-04', '29171.57', '425.03', '0'),
	('252', 'Potes de agua', '38', '2023-10-31', '5299.51', '894.97', '0'),
	('253', 'Juguetes', '28', '2024-06-04', '7473.71', '139.14', '0'),
	('254', 'Correa', '57', '2023-06-17', '69564.36', '471.31', '0'),
	('255', 'Comida', '67', '2023-01-03', '12512.33', '536.29', '0'),
	('256', 'Juguetes', '94', '2023-11-20', '13354.94', '597.63', '0'),
	('257', 'Pañales', '27', '2023-05-14', '37697.07', '528.68', '0'),
	('258', 'Cuchas', '6', '2023-08-19', '77154.75', '515.53', '0'),
	('259', 'Potes de comida', '39', '2024-04-14', '13384.05', '328.05', '0'),
	('260', 'Juguetes', '20', '2022-09-16', '61365.1', '336.61', '0'),
	('261', 'Potes de agua', '91', '2023-01-10', '76736.16', '795.26', '0'),
	('262', 'Correa', '58', '2023-01-04', '54177.27', '978.34', '0'),
	('263', 'Pañales', '76', '2023-04-19', '59113.45', '659.81', '0'),
	('264', 'Cuchas', '89', '2023-11-08', '62850.93', '657.74', '0'),
	('265', 'Correa', '22', '2024-07-06', '59248.17', '324.91', '0'),
	('266', 'Cuchas', '30', '2023-06-05', '77561.57', '747.52', '0'),
	('267', 'Pañales', '80', '2022-10-10', '52823.08', '153.48', '0'),
	('268', 'Comida', '69', '2023-08-27', '68936.69', '22.68', '0'),
	('269', 'Collar', '100', '2023-01-06', '25919.62', '889.26', '0'),
	('270', 'Potes de agua', '72', '2022-10-11', '75203.8', '114.17', '0'),
	('271', 'Gasto Veterinario', '16', '2024-02-24', '28404.64', '793.01', '0'),
	('272', 'Correa', '87', '2022-11-05', '21096.15', '748.02', '0'),
	('273', 'Pañales', '12', '2024-03-16', '72784.83', '365.92', '0'),
	('274', 'Gasto Veterinario', '50', '2023-11-28', '62992.25', '824.5', '0'),
	('275', 'Comida', '100', '2023-07-03', '40798.76', '177.45', '0'),
	('276', 'Cuchas', '84', '2024-05-17', '32740.6', '621.66', '0'),
	('277', 'Collar', '5', '2023-04-27', '61208.69', '71.41', '0'),
	('278', 'Comida', '82', '2022-12-06', '46254.37', '91.76', '0'),
	('279', 'Potes de agua', '12', '2023-05-31', '18247.09', '866.49', '0'),
	('280', 'Potes de comida', '22', '2024-05-24', '11159.99', '205.21', '0'),
	('281', 'Juguetes', '16', '2023-05-02', '50930.47', '761.04', '0'),
	('282', 'Potes de agua', '53', '2023-12-17', '55965.97', '965.6', '0'),
	('283', 'Gasto Veterinario', '25', '2024-08-08', '77028.81', '884.15', '0'),
	('284', 'Pañales', '37', '2024-01-06', '67099.95', '230.8', '0'),
	('285', 'Collar', '44', '2022-10-22', '60791.92', '401.76', '0'),
	('286', 'Collar', '91', '2024-04-08', '72910.77', '907.37', '0'),
	('287', 'Pañales', '80', '2023-10-03', '17368.05', '858.15', '0'),
	('288', 'Pañales', '29', '2023-08-22', '48081.32', '968.51', '0'),
	('289', 'Correa', '39', '2023-05-30', '11995.84', '922.67', '0'),
	('290', 'Pañales', '45', '2022-10-03', '49429.53', '610.61', '0'),
	('291', 'Gasto Veterinario', '65', '2023-04-28', '39581.02', '643.79', '0'),
	('292', 'Collar', '23', '2023-07-18', '12748.08', '482.24', '0'),
	('293', 'Potes de comida', '1', '2023-12-10', '28978.14', '219.72', '0'),
	('294', 'Gasto Veterinario', '94', '2023-06-18', '48285.69', '735.13', '0'),
	('295', 'Cuchas', '93', '2023-03-23', '17433.6', '901.74', '0'),
	('296', 'Pañales', '72', '2023-10-04', '79151.31', '61.6', '0'),
	('297', 'Pañales', '44', '2023-03-06', '53960.82', '580.43', '0'),
	('298', 'Pañales', '53', '2024-07-30', '48846.59', '73.08', '0'),
	('299', 'Gasto Veterinario', '1', '2024-01-16', '36451.85', '105.68', '0'),
	('300', 'Correa', '28', '2023-12-26', '22272.22', '744.86', '0'),
	('301', 'Cuchas', '46', '2024-06-18', '45198.65', '835.79', '0'),
	('302', 'Pañales', '14', '2024-02-26', '73841.91', '677.02', '0'),
	('303', 'Potes de comida', '97', '2022-09-19', '38417.82', '970.21', '0'),
	('304', 'Comida', '97', '2023-01-04', '46306.91', '575.28', '0'),
	('305', 'Potes de comida', '14', '2022-09-25', '40816.84', '52.06', '0'),
	('306', 'Comida', '63', '2024-04-26', '20712.23', '612.39', '0'),
	('307', 'Juguetes', '22', '2022-12-19', '33042.38', '904.69', '0'),
	('308', 'Potes de comida', '90', '2023-08-03', '75707.1', '581.13', '0'),
	('309', 'Juguetes', '63', '2024-07-26', '41370.41', '80.62', '0'),
	('310', 'Pañales', '28', '2024-04-11', '66984.93', '519.46', '0'),
	('311', 'Collar', '99', '2022-10-18', '32681.64', '796.21', '0'),
	('312', 'Collar', '100', '2023-02-01', '7725.49', '511.77', '0'),
	('313', 'Comida', '37', '2023-05-23', '9620.6', '716.41', '0'),
	('314', 'Potes de comida', '79', '2023-05-10', '62097.13', '727.42', '0'),
	('315', 'Gasto Veterinario', '89', '2024-03-20', '47465.99', '618.14', '0'),
	('316', 'Potes de agua', '39', '2023-11-23', '47150.79', '684.72', '0'),
	('317', 'Cama', '17', '2024-01-01', '23705.42', '724.78', '0'),
	('318', 'Cama', '24', '2024-04-13', '37098.83', '375.37', '0'),
	('319', 'Pañales', '43', '2023-11-23', '53954.27', '493.99', '0'),
	('320', 'Potes de comida', '99', '2022-12-16', '39472.77', '927.8', '0'),
	('321', 'Potes de agua', '27', '2023-05-26', '15816.41', '657.36', '0'),
	('322', 'Potes de agua', '55', '2023-04-06', '46086.3', '825.97', '0'),
	('323', 'Cama', '80', '2022-08-24', '53172.56', '42.28', '0'),
	('324', 'Correa', '64', '2024-03-05', '54645.34', '981.85', '0'),
	('325', 'Gasto Veterinario', '11', '2023-04-29', '79792.31', '995.02', '0'),
	('326', 'Correa', '42', '2024-01-28', '35742.85', '796.22', '0'),
	('327', 'Cuchas', '20', '2023-08-22', '26944.57', '859.68', '0'),
	('328', 'Pañales', '50', '2023-08-03', '17832.48', '881.06', '0'),
	('329', 'Collar', '58', '2023-12-18', '34582.48', '957.65', '0'),
	('330', 'Potes de comida', '2', '2024-02-28', '41258.98', '887.81', '0'),
	('331', 'Cuchas', '94', '2023-11-05', '18221.18', '748.87', '0'),
	('332', 'Collar', '67', '2024-06-08', '50073.12', '810.99', '0'),
	('333', 'Gasto Veterinario', '35', '2024-05-28', '24854.09', '568.61', '0'),
	('334', 'Juguetes', '47', '2023-08-22', '21306.58', '600.03', '0'),
	('335', 'Comida', '22', '2023-07-30', '30956.8', '533.23', '0'),
	('336', 'Cuchas', '47', '2023-11-12', '25113.1', '126.05', '0'),
	('337', 'Comida', '73', '2022-11-13', '58096.95', '240.53', '0'),
	('338', 'Collar', '74', '2024-08-14', '50466.46', '294.73', '0'),
	('339', 'Potes de agua', '46', '2022-11-13', '72199.35', '776.08', '0'),
	('340', 'Juguetes', '50', '2024-06-22', '28009.48', '32.05', '0'),
	('341', 'Juguetes', '97', '2022-10-03', '58424.04', '787.49', '0'),
	('342', 'Cama', '14', '2024-07-15', '34406.04', '614.26', '0'),
	('343', 'Comida', '4', '2023-10-24', '13123.93', '556.47', '0'),
	('344', 'Pañales', '62', '2023-11-11', '19450.45', '497.36', '0'),
	('345', 'Collar', '65', '2023-08-30', '54273.06', '291.47', '0'),
	('346', 'Juguetes', '53', '2024-04-03', '71141.56', '540.63', '0'),
	('347', 'Juguetes', '82', '2023-02-13', '53876.12', '836.15', '0'),
	('348', 'Potes de comida', '72', '2024-02-19', '52768.18', '514.85', '0'),
	('349', 'Collar', '78', '2024-07-31', '69491.69', '361.05', '0'),
	('350', 'Pañales', '89', '2023-07-18', '5194.74', '631.02', '0'),
	('351', 'Cuchas', '6', '2024-02-16', '34598.26', '805.21', '0'),
	('352', 'Correa', '71', '2022-11-09', '59485.51', '610.32', '0'),
	('353', 'Correa', '53', '2024-05-08', '29678.89', '984.18', '0'),
	('354', 'Potes de comida', '7', '2023-06-02', '67212.3', '328.07', '0'),
	('355', 'Potes de agua', '81', '2022-11-28', '28663.68', '570.94', '0'),
	('356', 'Correa', '78', '2023-04-04', '61596.09', '918.44', '0'),
	('357', 'Pañales', '47', '2024-04-15', '45963.75', '422.17', '0'),
	('358', 'Gasto Veterinario', '87', '2022-08-26', '19254.16', '202.23', '0'),
	('359', 'Gasto Veterinario', '54', '2023-03-28', '24249.54', '851.43', '0'),
	('360', 'Potes de agua', '81', '2024-08-05', '50036.77', '150.51', '0'),
	('361', 'Pañales', '29', '2022-09-22', '19804.86', '817.01', '0'),
	('362', 'Comida', '76', '2023-06-19', '67738.15', '365.94', '0'),
	('363', 'Gasto Veterinario', '56', '2023-10-20', '49500.25', '802.39', '0'),
	('364', 'Pañales', '98', '2024-06-13', '14779.42', '461.73', '0'),
	('365', 'Pañales', '59', '2023-11-09', '62651.01', '865.67', '0'),
	('366', 'Potes de comida', '87', '2022-09-02', '25946.53', '560.37', '0'),
	('367', 'Potes de agua', '66', '2023-03-10', '42347.58', '225.2', '0'),
	('368', 'Comida', '22', '2023-01-17', '27535.14', '656.91', '0'),
	('369', 'Correa', '49', '2022-12-23', '20039.28', '161.86', '0'),
	('370', 'Juguetes', '6', '2023-04-10', '42067.68', '927.73', '0'),
	('371', 'Cuchas', '47', '2024-08-09', '62702.99', '519.67', '0'),
	('372', 'Juguetes', '65', '2023-11-25', '18263.02', '506.68', '0'),
	('373', 'Collar', '26', '2023-05-14', '31528.3', '394.03', '0'),
	('374', 'Cama', '54', '2024-01-25', '46145.31', '542.25', '0'),
	('375', 'Collar', '82', '2023-10-19', '6346.7', '91.46', '0'),
	('376', 'Potes de comida', '33', '2024-03-15', '63655.74', '934.5', '0'),
	('377', 'Cama', '41', '2022-09-14', '73469.58', '15.43', '0'),
	('378', 'Gasto Veterinario', '2', '2023-02-17', '18491.8', '708.79', '0'),
	('379', 'Potes de agua', '93', '2023-11-15', '77248.23', '795.17', '0'),
	('380', 'Cuchas', '78', '2023-01-15', '9847.21', '434.2', '0'),
	('381', 'Correa', '10', '2023-06-24', '66624.8', '204.9', '0'),
	('382', 'Potes de comida', '73', '2024-02-23', '46062.61', '773.42', '0'),
	('383', 'Cuchas', '19', '2023-03-24', '74368.8', '946.09', '0'),
	('384', 'Pañales', '38', '2023-11-22', '65602.16', '459.46', '0'),
	('385', 'Gasto Veterinario', '59', '2023-05-07', '35950.16', '926.76', '0'),
	('386', 'Potes de comida', '61', '2023-05-23', '50108.64', '235.81', '0'),
	('387', 'Pañales', '68', '2022-12-09', '58143.45', '333.97', '0'),
	('388', 'Cuchas', '47', '2022-11-25', '44128.34', '364.19', '0'),
	('389', 'Pañales', '46', '2023-06-13', '32737.61', '596.37', '0'),
	('390', 'Potes de agua', '96', '2022-11-29', '49224.86', '905.89', '0'),
	('391', 'Potes de agua', '14', '2023-12-12', '58961.03', '545.46', '0'),
	('392', 'Cama', '25', '2023-04-13', '24468.06', '507.37', '0'),
	('393', 'Juguetes', '82', '2022-08-31', '5284.9', '914.77', '0'),
	('394', 'Potes de agua', '62', '2022-09-16', '34902.7', '20.38', '0'),
	('395', 'Cama', '52', '2022-12-20', '19698.47', '577.15', '0'),
	('396', 'Juguetes', '60', '2024-01-26', '16393.6', '580.75', '0'),
	('397', 'Cuchas', '69', '2022-11-11', '49566.4', '505.16', '0'),
	('398', 'Gasto Veterinario', '87', '2023-12-02', '36099.99', '875.06', '0'),
	('399', 'Comida', '89', '2023-12-26', '21097.16', '113.51', '0'),
	('400', 'Cuchas', '40', '2022-08-22', '61758.06', '811.2', '0'),
	('401', 'Cama', '24', '2023-09-07', '34928.27', '360.08', '0'),
	('402', 'Cuchas', '86', '2023-01-24', '22753.32', '721.21', '0'),
	('403', 'Comida', '60', '2023-11-20', '69709.94', '275.24', '0'),
	('404', 'Potes de agua', '39', '2023-12-24', '40065.64', '42.04', '0'),
	('405', 'Correa', '100', '2023-03-20', '14199.45', '256.44', '0'),
	('406', 'Potes de comida', '84', '2022-10-15', '45566.75', '927.34', '0'),
	('407', 'Collar', '7', '2023-01-29', '40449.93', '336.24', '0'),
	('408', 'Comida', '29', '2024-02-05', '66447.77', '495.04', '0'),
	('409', 'Comida', '65', '2023-09-18', '7827.36', '810.44', '0'),
	('410', 'Gasto Veterinario', '11', '2023-12-19', '79471.21', '831.74', '0'),
	('411', 'Comida', '77', '2023-09-05', '61984.0', '904.09', '0'),
	('412', 'Gasto Veterinario', '74', '2023-07-30', '39979.4', '672.88', '0'),
	('413', 'Juguetes', '46', '2023-06-13', '48804.95', '626.47', '0'),
	('414', 'Gasto Veterinario', '7', '2023-05-15', '29005.69', '64.09', '0'),
	('415', 'Comida', '35', '2022-09-03', '21100.56', '344.3', '0'),
	('416', 'Gasto Veterinario', '60', '2022-10-26', '14831.84', '815.48', '0'),
	('417', 'Correa', '75', '2023-09-02', '78999.74', '153.88', '0'),
	('418', 'Potes de agua', '80', '2023-09-02', '14097.93', '966.0', '0'),
	('419', 'Cuchas', '90', '2022-11-08', '69731.4', '629.76', '0'),
	('420', 'Gasto Veterinario', '25', '2024-02-05', '39646.38', '857.43', '0'),
	('421', 'Collar', '94', '2024-01-28', '46517.84', '469.35', '0'),
	('422', 'Juguetes', '90', '2024-01-05', '40742.48', '926.48', '0'),
	('423', 'Potes de comida', '15', '2023-10-22', '50004.86', '483.95', '0'),
	('424', 'Juguetes', '43', '2024-04-20', '79906.57', '664.17', '0'),
	('425', 'Potes de comida', '12', '2023-05-04', '42221.45', '603.19', '0'),
	('426', 'Gasto Veterinario', '71', '2022-09-27', '71496.06', '334.53', '0'),
	('427', 'Collar', '81', '2024-03-27', '18284.44', '494.94', '0'),
	('428', 'Potes de agua', '74', '2023-05-22', '27434.98', '330.75', '0'),
	('429', 'Cama', '23', '2023-02-04', '23870.3', '135.64', '0'),
	('430', 'Correa', '45', '2022-10-19', '27736.49', '502.38', '0'),
	('431', 'Potes de comida', '69', '2023-01-23', '19046.86', '819.21', '0'),
	('432', 'Gasto Veterinario', '19', '2024-08-14', '61478.93', '740.48', '0'),
	('433', 'Cama', '83', '2022-12-14', '11261.26', '300.16', '0'),
	('434', 'Collar', '65', '2024-08-14', '41083.19', '350.96', '0'),
	('435', 'Gasto Veterinario', '35', '2022-10-17', '66222.72', '531.5', '0'),
	('436', 'Comida', '28', '2023-03-29', '37881.72', '166.87', '0'),
	('437', 'Correa', '95', '2024-05-16', '38529.06', '91.55', '0'),
	('438', 'Comida', '11', '2023-09-18', '38506.74', '603.52', '0'),
	('439', 'Cuchas', '5', '2022-12-22', '56224.87', '649.45', '0'),
	('440', 'Cama', '65', '2023-10-28', '39859.23', '560.99', '0'),
	('441', 'Juguetes', '35', '2024-02-25', '14169.15', '254.81', '0'),
	('442', 'Collar', '48', '2023-02-02', '50353.39', '480.37', '0'),
	('443', 'Potes de agua', '31', '2023-12-06', '25645.52', '503.25', '0'),
	('444', 'Correa', '55', '2022-08-25', '60512.92', '926.14', '0'),
	('445', 'Cuchas', '70', '2024-03-21', '21287.34', '883.63', '0'),
	('446', 'Gasto Veterinario', '24', '2022-09-22', '30542.61', '799.37', '0'),
	('447', 'Comida', '76', '2024-08-05', '31568.62', '443.85', '0'),
	('448', 'Juguetes', '80', '2024-03-15', '30384.49', '129.83', '0'),
	('449', 'Pañales', '8', '2023-10-13', '78135.99', '189.19', '0'),
	('450', 'Cuchas', '71', '2022-10-24', '35790.93', '134.21', '0'),
	('451', 'Cama', '33', '2024-08-07', '62290.35', '964.85', '0'),
	('452', 'Cuchas', '6', '2024-07-16', '72905.75', '604.82', '0'),
	('453', 'Comida', '48', '2024-01-30', '76880.48', '136.11', '0'),
	('454', 'Collar', '23', '2023-12-05', '33630.63', '367.61', '0'),
	('455', 'Cuchas', '55', '2024-03-01', '47221.12', '922.65', '0'),
	('456', 'Comida', '16', '2023-03-30', '33346.07', '322.78', '0'),
	('457', 'Potes de comida', '34', '2023-07-26', '37353.91', '264.51', '0'),
	('458', 'Collar', '59', '2022-11-01', '14857.43', '621.4', '0'),
	('459', 'Cuchas', '73', '2023-09-26', '48079.49', '739.76', '0'),
	('460', 'Correa', '6', '2022-12-09', '53870.12', '393.01', '0'),
	('461', 'Gasto Veterinario', '13', '2024-04-12', '24972.43', '156.15', '0'),
	('462', 'Potes de agua', '54', '2023-08-13', '19105.02', '732.12', '0'),
	('463', 'Cama', '33', '2023-08-30', '66919.89', '995.52', '0'),
	('464', 'Correa', '50', '2023-08-24', '14486.46', '751.03', '0'),
	('465', 'Juguetes', '17', '2023-10-28', '64342.65', '171.99', '0'),
	('466', 'Cuchas', '32', '2022-08-31', '32221.83', '853.46', '0'),
	('467', 'Pañales', '90', '2024-06-23', '25631.85', '50.04', '0'),
	('468', 'Potes de agua', '65', '2022-12-16', '45302.19', '111.31', '0'),
	('469', 'Potes de comida', '99', '2024-02-20', '56963.04', '482.04', '0'),
	('470', 'Pañales', '87', '2023-12-25', '48061.37', '880.27', '0'),
	('471', 'Cuchas', '99', '2023-05-20', '66028.47', '459.42', '0'),
	('472', 'Collar', '48', '2023-03-23', '41045.89', '321.43', '0'),
	('473', 'Cama', '55', '2024-07-19', '10618.81', '656.15', '0'),
	('474', 'Comida', '53', '2023-05-14', '57111.77', '353.09', '0'),
	('475', 'Potes de agua', '22', '2023-04-28', '17618.93', '838.87', '0'),
	('476', 'Comida', '10', '2023-11-16', '52308.62', '781.34', '0'),
	('477', 'Comida', '17', '2023-07-20', '35570.99', '877.16', '0'),
	('478', 'Collar', '95', '2024-03-23', '62625.38', '458.94', '0'),
	('479', 'Pañales', '83', '2022-09-16', '44243.69', '27.19', '0'),
	('480', 'Pañales', '4', '2022-11-28', '58692.54', '993.74', '0'),
	('481', 'Potes de agua', '61', '2023-08-28', '57038.36', '6.74', '0'),
	('482', 'Potes de agua', '35', '2022-12-30', '76147.27', '444.55', '0'),
	('483', 'Correa', '13', '2023-03-15', '44194.56', '673.51', '0'),
	('484', 'Juguetes', '32', '2024-08-13', '55292.41', '164.5', '0'),
	('485', 'Cuchas', '42', '2024-03-10', '26408.85', '726.46', '0'),
	('486', 'Potes de comida', '12', '2023-01-11', '5134.44', '605.48', '0'),
	('487', 'Cuchas', '50', '2022-12-18', '33324.25', '506.11', '0'),
	('488', 'Comida', '57', '2022-11-17', '60437.97', '597.79', '0'),
	('489', 'Comida', '53', '2024-06-04', '79203.9', '116.49', '0'),
	('490', 'Pañales', '77', '2023-10-03', '20486.66', '89.98', '0'),
	('491', 'Correa', '83', '2024-07-30', '73540.94', '92.83', '0'),
	('492', 'Gasto Veterinario', '69', '2024-04-26', '59842.34', '921.84', '0'),
	('493', 'Cuchas', '45', '2024-01-10', '52841.58', '750.03', '0'),
	('494', 'Comida', '10', '2024-02-06', '67321.31', '980.14', '0'),
	('495', 'Correa', '43', '2023-08-10', '43295.72', '294.74', '0'),
	('496', 'Pañales', '23', '2023-05-11', '59327.49', '227.2', '0'),
	('497', 'Potes de agua', '75', '2022-10-17', '10718.05', '316.91', '0'),
	('498', 'Potes de comida', '97', '2022-11-12', '27989.14', '39.1', '0'),
	('499', 'Cama', '53', '2022-08-28', '14959.98', '515.15', '0'),
	('500', 'Pañales', '4', '2022-10-13', '65532.82', '505.17', '0');
   CREATE TABLE `costos` 
(
    `id_costo`	INT PRIMARY KEY,
    `id_medicamento`	INT,
    `id_producto`	INT,
    `total`	VARCHAR(512)
);
INSERT INTO `costos` (`id_costo`, `id_medicamento`, `id_producto`, `total`) VALUES
	('1', '297', '114', '0'),
	('2', '205', '137', '0'),
	('3', '195', '339', '0'),
	('4', '428', '3', '0'),
	('5', '487', '315', '0'),
	('6', '226', '115', '0'),
	('7', '121', '483', '0'),
	('8', '474', '480', '0'),
	('9', '198', '465', '0'),
	('10', '224', '183', '0'),
	('11', '135', '70', '0'),
	('12', '394', '300', '0'),
	('13', '10', '83', '0'),
	('14', '75', '5', '0'),
	('15', '27', '205', '0'),
	('16', '184', '129', '0'),
	('17', '161', '224', '0'),
	('18', '84', '6', '0'),
	('19', '295', '268', '0'),
	('20', '436', '150', '0'),
	('21', '353', '210', '0'),
	('22', '15', '195', '0'),
	('23', '308', '317', '0'),
	('24', '154', '269', '0'),
	('25', '486', '123', '0'),
	('26', '468', '12', '0'),
	('27', '170', '447', '0'),
	('28', '52', '355', '0'),
	('29', '270', '146', '0'),
	('30', '269', '255', '0'),
	('31', '395', '473', '0'),
	('32', '14', '359', '0'),
	('33', '412', '312', '0'),
	('34', '119', '41', '0'),
	('35', '193', '337', '0'),
	('36', '425', '305', '0'),
	('37', '311', '72', '0'),
	('38', '131', '105', '0'),
	('39', '340', '256', '0'),
	('40', '421', '369', '0'),
	('41', '234', '113', '0'),
	('42', '166', '481', '0'),
	('43', '26', '302', '0'),
	('44', '101', '163', '0'),
	('45', '194', '156', '0'),
	('46', '266', '195', '0'),
	('47', '217', '74', '0'),
	('48', '286', '120', '0'),
	('49', '431', '66', '0'),
	('50', '368', '262', '0'),
	('51', '372', '48', '0'),
	('52', '48', '364', '0'),
	('53', '81', '23', '0'),
	('54', '436', '406', '0'),
	('55', '496', '344', '0'),
	('56', '425', '147', '0'),
	('57', '384', '348', '0'),
	('58', '376', '165', '0'),
	('59', '480', '252', '0'),
	('60', '358', '355', '0'),
	('61', '142', '30', '0'),
	('62', '426', '472', '0'),
	('63', '133', '387', '0'),
	('64', '165', '318', '0'),
	('65', '133', '408', '0'),
	('66', '345', '317', '0'),
	('67', '496', '83', '0'),
	('68', '468', '165', '0'),
	('69', '273', '66', '0'),
	('70', '44', '357', '0'),
	('71', '355', '237', '0'),
	('72', '458', '94', '0'),
	('73', '69', '400', '0'),
	('74', '255', '294', '0'),
	('75', '165', '448', '0'),
	('76', '35', '106', '0'),
	('77', '236', '205', '0'),
	('78', '170', '213', '0'),
	('79', '123', '181', '0'),
	('80', '195', '318', '0'),
	('81', '476', '265', '0'),
	('82', '155', '15', '0'),
	('83', '99', '38', '0'),
	('84', '52', '322', '0'),
	('85', '386', '383', '0'),
	('86', '422', '366', '0'),
	('87', '336', '398', '0'),
	('88', '386', '351', '0'),
	('89', '73', '444', '0'),
	('90', '492', '313', '0'),
	('91', '295', '319', '0'),
	('92', '9', '107', '0'),
	('93', '357', '122', '0'),
	('94', '230', '157', '0'),
	('95', '406', '307', '0'),
	('96', '231', '159', '0'),
	('97', '74', '235', '0'),
	('98', '75', '183', '0'),
	('99', '310', '149', '0'),
	('100', '54', '12', '0'),
	('101', '328', '79', '0'),
	('102', '436', '13', '0'),
	('103', '152', '332', '0'),
	('104', '386', '80', '0'),
	('105', '289', '178', '0'),
	('106', '428', '86', '0'),
	('107', '71', '295', '0'),
	('108', '409', '331', '0'),
	('109', '303', '269', '0'),
	('110', '198', '450', '0'),
	('111', '197', '412', '0'),
	('112', '354', '310', '0'),
	('113', '71', '462', '0'),
	('114', '418', '401', '0'),
	('115', '400', '277', '0'),
	('116', '149', '336', '0'),
	('117', '270', '331', '0'),
	('118', '368', '263', '0'),
	('119', '52', '406', '0'),
	('120', '274', '352', '0'),
	('121', '237', '160', '0'),
	('122', '75', '140', '0'),
	('123', '473', '341', '0'),
	('124', '20', '295', '0'),
	('125', '366', '450', '0'),
	('126', '150', '379', '0'),
	('127', '266', '33', '0'),
	('128', '477', '302', '0'),
	('129', '336', '460', '0'),
	('130', '200', '452', '0'),
	('131', '247', '269', '0'),
	('132', '294', '395', '0'),
	('133', '413', '174', '0'),
	('134', '44', '131', '0'),
	('135', '280', '151', '0'),
	('136', '62', '454', '0'),
	('137', '491', '44', '0'),
	('138', '293', '408', '0'),
	('139', '190', '50', '0'),
	('140', '165', '315', '0'),
	('141', '387', '221', '0'),
	('142', '423', '140', '0'),
	('143', '1', '250', '0'),
	('144', '359', '484', '0'),
	('145', '432', '323', '0'),
	('146', '143', '250', '0'),
	('147', '198', '461', '0'),
	('148', '79', '90', '0'),
	('149', '68', '80', '0'),
	('150', '394', '462', '0'),
	('151', '328', '440', '0'),
	('152', '268', '488', '0'),
	('153', '221', '325', '0'),
	('154', '338', '239', '0'),
	('155', '486', '451', '0'),
	('156', '191', '236', '0'),
	('157', '281', '96', '0'),
	('158', '458', '154', '0'),
	('159', '93', '92', '0'),
	('160', '499', '169', '0'),
	('161', '148', '94', '0'),
	('162', '41', '152', '0'),
	('163', '238', '66', '0'),
	('164', '474', '388', '0'),
	('165', '472', '221', '0'),
	('166', '86', '86', '0'),
	('167', '160', '322', '0'),
	('168', '134', '70', '0'),
	('169', '111', '328', '0'),
	('170', '145', '460', '0'),
	('171', '135', '319', '0'),
	('172', '25', '262', '0'),
	('173', '305', '387', '0'),
	('174', '409', '325', '0'),
	('175', '148', '486', '0'),
	('176', '26', '456', '0'),
	('177', '388', '264', '0'),
	('178', '219', '42', '0'),
	('179', '228', '465', '0'),
	('180', '34', '92', '0'),
	('181', '14', '348', '0'),
	('182', '355', '350', '0'),
	('183', '170', '297', '0'),
	('184', '422', '222', '0'),
	('185', '6', '123', '0'),
	('186', '370', '340', '0'),
	('187', '375', '289', '0'),
	('188', '80', '270', '0'),
	('189', '409', '16', '0'),
	('190', '272', '423', '0'),
	('191', '124', '348', '0'),
	('192', '314', '22', '0'),
	('193', '409', '329', '0'),
	('194', '433', '209', '0'),
	('195', '260', '102', '0'),
	('196', '54', '122', '0'),
	('197', '96', '299', '0'),
	('198', '275', '399', '0'),
	('199', '474', '202', '0'),
	('200', '378', '231', '0'),
	('201', '412', '281', '0'),
	('202', '43', '319', '0'),
	('203', '423', '89', '0'),
	('204', '477', '362', '0'),
	('205', '392', '201', '0'),
	('206', '205', '239', '0'),
	('207', '390', '381', '0'),
	('208', '198', '269', '0'),
	('209', '146', '410', '0'),
	('210', '236', '409', '0'),
	('211', '142', '71', '0'),
	('212', '472', '430', '0'),
	('213', '321', '362', '0'),
	('214', '493', '1', '0'),
	('215', '461', '385', '0'),
	('216', '128', '111', '0'),
	('217', '59', '85', '0'),
	('218', '382', '275', '0'),
	('219', '196', '193', '0'),
	('220', '128', '222', '0'),
	('221', '397', '237', '0'),
	('222', '97', '285', '0'),
	('223', '93', '260', '0'),
	('224', '143', '62', '0'),
	('225', '459', '365', '0'),
	('226', '428', '220', '0'),
	('227', '400', '16', '0'),
	('228', '130', '21', '0'),
	('229', '229', '55', '0'),
	('230', '56', '350', '0'),
	('231', '490', '74', '0'),
	('232', '398', '196', '0'),
	('233', '229', '62', '0'),
	('234', '139', '192', '0'),
	('235', '247', '29', '0'),
	('236', '114', '304', '0'),
	('237', '190', '206', '0'),
	('238', '61', '263', '0'),
	('239', '383', '492', '0'),
	('240', '390', '244', '0'),
	('241', '427', '470', '0'),
	('242', '316', '27', '0'),
	('243', '388', '75', '0'),
	('244', '282', '265', '0'),
	('245', '136', '256', '0'),
	('246', '208', '340', '0'),
	('247', '337', '353', '0'),
	('248', '14', '495', '0'),
	('249', '313', '314', '0'),
	('250', '55', '172', '0'),
	('251', '416', '330', '0'),
	('252', '169', '433', '0'),
	('253', '43', '6', '0'),
	('254', '309', '401', '0'),
	('255', '267', '259', '0'),
	('256', '313', '10', '0'),
	('257', '55', '498', '0'),
	('258', '103', '349', '0'),
	('259', '251', '195', '0'),
	('260', '166', '69', '0'),
	('261', '211', '25', '0'),
	('262', '408', '203', '0'),
	('263', '223', '26', '0'),
	('264', '267', '236', '0'),
	('265', '470', '331', '0'),
	('266', '216', '45', '0'),
	('267', '324', '473', '0'),
	('268', '422', '20', '0'),
	('269', '272', '201', '0'),
	('270', '332', '42', '0'),
	('271', '289', '367', '0'),
	('272', '162', '306', '0'),
	('273', '122', '288', '0'),
	('274', '483', '445', '0'),
	('275', '415', '294', '0'),
	('276', '411', '178', '0'),
	('277', '190', '387', '0'),
	('278', '75', '183', '0'),
	('279', '441', '306', '0'),
	('280', '483', '249', '0'),
	('281', '104', '79', '0'),
	('282', '364', '167', '0'),
	('283', '468', '240', '0'),
	('284', '235', '123', '0'),
	('285', '147', '348', '0'),
	('286', '324', '353', '0'),
	('287', '297', '90', '0'),
	('288', '439', '72', '0'),
	('289', '305', '395', '0'),
	('290', '375', '349', '0'),
	('291', '355', '334', '0'),
	('292', '21', '11', '0'),
	('293', '364', '483', '0'),
	('294', '221', '479', '0'),
	('295', '52', '460', '0'),
	('296', '284', '321', '0'),
	('297', '297', '500', '0'),
	('298', '264', '470', '0'),
	('299', '361', '281', '0'),
	('300', '76', '192', '0'),
	('301', '352', '490', '0'),
	('302', '169', '267', '0'),
	('303', '276', '176', '0'),
	('304', '265', '384', '0'),
	('305', '352', '403', '0'),
	('306', '329', '369', '0'),
	('307', '47', '126', '0'),
	('308', '365', '279', '0'),
	('309', '455', '66', '0'),
	('310', '439', '132', '0'),
	('311', '439', '150', '0'),
	('312', '397', '302', '0'),
	('313', '287', '267', '0'),
	('314', '283', '78', '0'),
	('315', '30', '61', '0'),
	('316', '306', '347', '0'),
	('317', '310', '172', '0'),
	('318', '52', '307', '0'),
	('319', '79', '207', '0'),
	('320', '478', '444', '0'),
	('321', '191', '309', '0'),
	('322', '178', '172', '0'),
	('323', '362', '222', '0'),
	('324', '262', '412', '0'),
	('325', '108', '389', '0'),
	('326', '202', '3', '0'),
	('327', '227', '252', '0'),
	('328', '356', '483', '0'),
	('329', '265', '392', '0'),
	('330', '95', '435', '0'),
	('331', '347', '38', '0'),
	('332', '319', '108', '0'),
	('333', '481', '360', '0'),
	('334', '63', '194', '0'),
	('335', '369', '437', '0'),
	('336', '9', '185', '0'),
	('337', '367', '473', '0'),
	('338', '356', '239', '0'),
	('339', '143', '360', '0'),
	('340', '79', '446', '0'),
	('341', '19', '218', '0'),
	('342', '266', '156', '0'),
	('343', '23', '386', '0'),
	('344', '218', '29', '0'),
	('345', '197', '141', '0'),
	('346', '215', '153', '0'),
	('347', '475', '418', '0'),
	('348', '364', '147', '0'),
	('349', '432', '420', '0'),
	('350', '351', '194', '0'),
	('351', '419', '147', '0'),
	('352', '43', '471', '0'),
	('353', '431', '230', '0'),
	('354', '446', '422', '0'),
	('355', '163', '232', '0'),
	('356', '93', '85', '0'),
	('357', '292', '285', '0'),
	('358', '328', '338', '0'),
	('359', '198', '383', '0'),
	('360', '67', '146', '0'),
	('361', '80', '296', '0'),
	('362', '379', '334', '0'),
	('363', '32', '71', '0'),
	('364', '352', '252', '0'),
	('365', '424', '302', '0'),
	('366', '17', '22', '0'),
	('367', '167', '33', '0'),
	('368', '76', '399', '0'),
	('369', '367', '490', '0'),
	('370', '375', '372', '0'),
	('371', '158', '462', '0'),
	('372', '210', '261', '0'),
	('373', '106', '282', '0'),
	('374', '378', '1', '0'),
	('375', '160', '105', '0'),
	('376', '419', '150', '0'),
	('377', '174', '350', '0'),
	('378', '206', '451', '0'),
	('379', '213', '185', '0'),
	('380', '29', '456', '0'),
	('381', '450', '144', '0'),
	('382', '170', '312', '0'),
	('383', '264', '31', '0'),
	('384', '428', '364', '0'),
	('385', '161', '296', '0'),
	('386', '316', '373', '0'),
	('387', '476', '362', '0'),
	('388', '261', '425', '0'),
	('389', '222', '375', '0'),
	('390', '100', '289', '0'),
	('391', '228', '85', '0'),
	('392', '147', '139', '0'),
	('393', '85', '26', '0'),
	('394', '450', '458', '0'),
	('395', '55', '275', '0'),
	('396', '113', '431', '0'),
	('397', '187', '343', '0'),
	('398', '8', '474', '0'),
	('399', '143', '488', '0'),
	('400', '354', '115', '0'),
	('401', '374', '373', '0'),
	('402', '232', '341', '0'),
	('403', '165', '482', '0'),
	('404', '31', '355', '0'),
	('405', '499', '39', '0'),
	('406', '382', '86', '0'),
	('407', '348', '237', '0'),
	('408', '435', '392', '0'),
	('409', '90', '184', '0'),
	('410', '450', '449', '0'),
	('411', '473', '129', '0'),
	('412', '140', '291', '0'),
	('413', '355', '470', '0'),
	('414', '137', '345', '0'),
	('415', '343', '314', '0'),
	('416', '347', '447', '0'),
	('417', '411', '39', '0'),
	('418', '32', '151', '0'),
	('419', '265', '221', '0'),
	('420', '119', '423', '0'),
	('421', '16', '142', '0'),
	('422', '319', '323', '0'),
	('423', '186', '213', '0'),
	('424', '170', '7', '0'),
	('425', '347', '256', '0'),
	('426', '120', '30', '0'),
	('427', '353', '140', '0'),
	('428', '133', '199', '0'),
	('429', '347', '136', '0'),
	('430', '13', '352', '0'),
	('431', '60', '368', '0'),
	('432', '153', '484', '0'),
	('433', '153', '115', '0'),
	('434', '21', '75', '0'),
	('435', '3', '440', '0'),
	('436', '178', '373', '0'),
	('437', '240', '81', '0'),
	('438', '58', '72', '0'),
	('439', '204', '297', '0'),
	('440', '33', '199', '0'),
	('441', '190', '174', '0'),
	('442', '239', '82', '0'),
	('443', '405', '385', '0'),
	('444', '444', '227', '0'),
	('445', '416', '67', '0'),
	('446', '346', '245', '0'),
	('447', '462', '247', '0'),
	('448', '77', '450', '0'),
	('449', '249', '163', '0'),
	('450', '311', '129', '0'),
	('451', '494', '397', '0'),
	('452', '74', '31', '0'),
	('453', '343', '196', '0'),
	('454', '368', '179', '0'),
	('455', '360', '26', '0'),
	('456', '425', '266', '0'),
	('457', '439', '196', '0'),
	('458', '124', '434', '0'),
	('459', '384', '177', '0'),
	('460', '36', '263', '0'),
	('461', '159', '191', '0'),
	('462', '22', '175', '0'),
	('463', '64', '38', '0'),
	('464', '48', '457', '0'),
	('465', '81', '8', '0'),
	('466', '32', '156', '0'),
	('467', '54', '341', '0'),
	('468', '79', '26', '0'),
	('469', '97', '96', '0'),
	('470', '443', '242', '0'),
	('471', '110', '57', '0'),
	('472', '229', '227', '0'),
	('473', '204', '423', '0'),
	('474', '148', '219', '0'),
	('475', '479', '27', '0'),
	('476', '374', '27', '0'),
	('477', '125', '61', '0'),
	('478', '393', '359', '0'),
	('479', '211', '417', '0'),
	('480', '341', '322', '0'),
	('481', '10', '225', '0'),
	('482', '428', '73', '0'),
	('483', '171', '114', '0'),
	('484', '69', '332', '0'),
	('485', '484', '413', '0'),
	('486', '61', '65', '0'),
	('487', '228', '324', '0'),
	('488', '82', '438', '0'),
	('489', '116', '349', '0'),
	('490', '169', '399', '0'),
	('491', '94', '109', '0'),
	('492', '433', '472', '0'),
	('493', '486', '88', '0'),
	('494', '345', '56', '0'),
	('495', '125', '449', '0'),
	('496', '99', '292', '0'),
	('497', '354', '159', '0'),
	('498', '422', '408', '0'),
	('499', '335', '191', '0'),
	('500', '311', '479', '0'); 
    CREATE TABLE `donaciones` 
(
    `id_donacion`	INT PRIMARY KEY,
    `monto`	DOUBLE,
    `fecha_donacion`	VARCHAR(512),
    `id_donante`	INT
);
INSERT INTO `donaciones` (`id_donacion`, `monto`, `fecha_donacion`, `id_donante`) VALUES
	('1', '74127.62', '2022-12-19', '7'),
	('2', '124145.23', '2022-10-26', '11'),
	('3', '460359.28', '2023-07-09', '16'),
	('4', '353103.24', '2023-08-17', '18'),
	('5', '476728.62', '2022-12-29', '2'),
	('6', '499125.39', '2022-08-30', '12'),
	('7', '228029.44', '2023-04-13', '18'),
	('8', '534771.18', '2023-01-03', '16'),
	('9', '332349.1', '2022-12-12', '20'),
	('10', '137334.85', '2023-03-05', '3'),
	('11', '395353.26', '2022-10-18', '14'),
	('12', '82019.82', '2023-01-18', '9'),
	('13', '79760.56', '2023-05-19', '3'),
	('14', '454065.32', '2023-05-12', '14'),
	('15', '105967.96', '2023-05-27', '1'),
	('16', '314174.22', '2023-01-18', '6'),
	('17', '208339.34', '2022-09-16', '19'),
	('18', '489441.38', '2023-07-27', '12'),
	('19', '61400.65', '2023-03-22', '8'),
	('20', '665008.5', '2022-12-12', '10');
    CREATE TABLE `donantes` 
(
    `id_donante`	INT PRIMARY KEY,
    `id_pais`	INT,
    `id_provincia`	INT,
    `nombre`	VARCHAR(512),
    `apellido`	VARCHAR(512)
);
INSERT INTO `donantes` (`id_donante`, `id_pais`, `id_provincia`, `nombre`, `apellido`) VALUES
	('1', '1', '24', 'Hugues', 'Joddins'),
	('2', '1', '17', 'Lorene', 'Hamal'),
	('3', '1', '2', '', 'Horrod'),
	('4', '1', '18', 'Nikaniki', ''),
	('5', '1', '20', 'Tull', 'Gipp'),
	('6', '1', '5', 'Emlen', 'Claiden'),
	('7', '1', '24', 'Thorvald', 'Pes'),
	('8', '1', '21', 'Gussie', 'Landeg'),
	('9', '1', '18', 'Allegra', 'Illingsworth'),
	('10', '1', '8', 'Sophia', 'MacCafferky'),
	('11', '1', '8', 'Lissy', 'Margery'),
	('12', '1', '20', 'Fair', 'Hedgeley'),
	('13', '1', '18', 'Guthrie', 'Trousdell'),
	('14', '1', '10', 'Bastian', ''),
	('15', '1', '8', 'Gene', ''),
	('16', '1', '14', 'Kelcey', 'Sandeford'),
	('17', '1', '19', 'Aaren', 'Hiseman'),
	('18', '1', '5', '', ''),
	('19', '1', '10', 'Casey', 'Fosse'),
	('20', '1', '10', 'Melva', 'Casserly');
    CREATE TABLE `empleados` 
(
    `id_empleado`	INT PRIMARY KEY,
    `id_cargo`	INT,
    `fecha_ingreso`	VARCHAR(512),
    `nombre_empleado`	VARCHAR(512),
    `apellido_empleado`	VARCHAR(512),
    `domicilio_empleado`	VARCHAR(512),
    `id_localidad`	INT,
    `id_pais`	INT,
    `id_provincia`	INT
);
INSERT INTO `empleados` (`id_empleado`, `id_cargo`, `fecha_ingreso`, `nombre_empleado`, `apellido_empleado`, `domicilio_empleado`, `id_localidad`, `id_pais`, `id_provincia`) VALUES
	('1', '1', '2023-06-27', 'Dita', 'Hydes', 'Avenida 456', '37', '1', '9'),
	('2', '6', '2022-12-19', 'Debee', 'Ferro', 'Calle 123', '90', '1', '22'),
	('3', '5', '2023-04-23', 'Willie', 'Osboldstone', 'Plaza 789', '31', '1', '19'),
	('4', '1', '2023-04-08', 'Xena', 'Redier', 'Calle 123', '98', '1', '5'),
	('5', '3', '2022-11-07', 'Doe', 'Goldup', 'Plaza 789', '30', '1', '11'),
	('6', '4', '2023-08-04', 'Toni', 'Brenard', 'Avenida 456', '40', '1', '2'),
	('7', '3', '2023-02-08', 'Hyacinthie', 'Castleton', 'Calle 123', '80', '1', '21'),
	('8', '3', '2023-07-26', 'Kara-lynn', 'Knappe', 'Calle 123', '85', '1', '13'),
	('9', '3', '2022-10-23', 'Edgardo', 'Cathenod', 'Calle 123', '11', '1', '6'),
	('10', '7', '2023-02-07', 'Johnathon', 'Bosket', 'Calle 123', '22', '1', '9'),
	('11', '1', '2023-02-27', 'Emmet', 'Gilmore', 'Avenida 456', '86', '1', '6'),
	('12', '1', '2023-04-28', 'Ada', 'Beddis', 'Plaza 789', '50', '1', '6'),
	('13', '6', '2023-05-20', 'Jacki', 'Batty', 'Plaza 789', '9', '1', '7'),
	('14', '1', '2023-08-11', 'Shela', 'Stainfield', 'Avenida 456', '21', '1', '1'),
	('15', '3', '2023-06-29', 'Carrol', 'Romero', 'Plaza 789', '61', '1', '12'),
	('16', '1', '2023-08-17', 'Matias', 'Friman', 'Calle 123', '32', '1', '9'),
	('17', '6', '2023-03-17', 'Corie', 'Banke', 'Plaza 789', '76', '1', '23'),
	('18', '2', '2023-06-26', 'Delaney', 'Horning', 'Plaza 789', '72', '1', '18'),
	('19', '5', '2023-05-26', 'Hank', 'Scoble', 'Plaza 789', '82', '1', '13'),
	('20', '2', '2023-03-16', 'Ray', 'Rahlof', 'Avenida 456', '22', '1', '17'),
	('21', '1', '2023-03-20', 'Carol', 'Greensides', 'Plaza 789', '58', '1', '8'),
	('22', '5', '2023-01-17', 'Jessi', 'Barrabeale', 'Calle 123', '19', '1', '8'),
	('23', '5', '2023-05-10', 'L;urette', 'Cleveley', 'Avenida 456', '8', '1', '20'),
	('24', '7', '2022-10-20', 'Thea', 'Venes', 'Plaza 789', '78', '1', '9'),
	('25', '6', '2023-03-04', 'Nataniel', 'Turn', 'Plaza 789', '96', '1', '7'),
	('26', '4', '2023-01-17', 'Malinda', 'Morteo', 'Avenida 456', '51', '1', '18'),
	('27', '4', '2023-08-08', 'Syman', 'Scarisbrick', 'Plaza 789', '62', '1', '7'),
	('28', '4', '2023-03-30', 'Benedick', 'Doorly', 'Avenida 456', '26', '1', '19'),
	('29', '5', '2022-09-15', 'Brandais', 'enzley', 'Plaza 789', '87', '1', '16'),
	('30', '5', '2023-07-02', 'Ibrahim', 'Leither', 'Calle 123', '44', '1', '22'),
	('31', '5', '2023-03-08', 'Felicia', 'Benitez', 'Calle 123', '39', '1', '24'),
	('32', '4', '2022-12-28', 'Carlee', 'Dizlie', 'Plaza 789', '10', '1', '9'),
	('33', '1', '2023-07-28', 'Tobin', 'Eglaise', 'Calle 123', '68', '1', '11'),
	('34', '1', '2022-09-12', 'Lon', 'Sunter', 'Plaza 789', '10', '1', '14'),
	('35', '4', '2022-12-29', 'Sydelle', 'Lightbourne', 'Avenida 456', '8', '1', '21'),
	('36', '2', '2023-02-02', 'Teri', 'O\'Hdirscoll', 'Calle 123', '12', '1', '12'),
	('37', '1', '2023-07-13', 'Therine', 'Godlip', 'Plaza 789', '25', '1', '6'),
	('38', '1', '2023-07-29', 'Consalve', 'Rabb', 'Avenida 456', '2', '1', '16'),
	('39', '6', '2022-08-23', 'Moselle', 'Spratley', 'Avenida 456', '25', '1', '20'),
	('40', '5', '2022-12-30', 'Enoch', 'Scourgie', 'Calle 123', '89', '1', '10'),
	('41', '7', '2022-12-08', 'Mead', 'Pryer', 'Plaza 789', '25', '1', '20'),
	('42', '1', '2023-08-03', 'Willyt', 'Ingram', 'Plaza 789', '75', '1', '1'),
	('43', '3', '2022-11-10', 'Terrence', 'Haker', 'Plaza 789', '28', '1', '7'),
	('44', '2', '2023-04-07', 'Herbie', 'Boscott', 'Plaza 789', '81', '1', '16'),
	('45', '1', '2023-07-06', 'Melantha', 'Carde', 'Calle 123', '12', '1', '12'),
	('46', '3', '2023-06-27', 'Meaghan', 'Aston', 'Avenida 456', '20', '1', '16'),
	('47', '7', '2023-07-09', 'Gisela', 'Menichini', 'Calle 123', '72', '1', '15'),
	('48', '3', '2023-02-05', 'Haskel', 'Coate', 'Plaza 789', '69', '1', '13'),
	('49', '5', '2023-06-12', 'Gerry', 'Gullberg', 'Calle 123', '75', '1', '7'),
	('50', '2', '2023-03-30', 'Selig', 'Sedgemond', 'Avenida 456', '73', '1', '24'),
	('51', '6', '2023-07-25', 'Augusto', 'Coryndon', 'Calle 123', '16', '1', '13'),
	('52', '2', '2022-12-08', 'Knox', 'Dey', 'Plaza 789', '68', '1', '14'),
	('53', '3', '2023-07-22', 'Bessy', 'Feaveer', 'Avenida 456', '7', '1', '23'),
	('54', '6', '2023-07-20', 'Marjorie', 'Rogliero', 'Calle 123', '72', '1', '5'),
	('55', '2', '2023-02-04', 'Daryl', 'Steljes', 'Plaza 789', '81', '1', '21'),
	('56', '5', '2022-09-15', 'Dallas', 'Hardaway', 'Avenida 456', '14', '1', '6'),
	('57', '3', '2022-11-09', 'Maddie', 'Matuskiewicz', 'Avenida 456', '25', '1', '21'),
	('58', '5', '2022-09-29', 'Issie', 'Conry', 'Calle 123', '83', '1', '23'),
	('59', '2', '2023-01-05', 'Brendis', 'Walak', 'Calle 123', '98', '1', '5'),
	('60', '2', '2022-12-15', 'Ado', 'Laurentino', 'Plaza 789', '57', '1', '17'),
	('61', '1', '2023-07-27', 'Stacey', 'Rumbelow', 'Plaza 789', '4', '1', '7'),
	('62', '3', '2022-08-24', 'Ruttger', 'Basketfield', 'Calle 123', '75', '1', '21'),
	('63', '6', '2023-04-03', 'Gayelord', 'Pennuzzi', 'Calle 123', '19', '1', '21'),
	('64', '3', '2023-06-17', 'Chad', 'Clack', 'Calle 123', '24', '1', '21'),
	('65', '7', '2023-08-11', 'Nolana', 'Davet', 'Avenida 456', '87', '1', '19'),
	('66', '5', '2022-09-27', 'Barn', 'Undy', 'Calle 123', '6', '1', '15'),
	('67', '5', '2023-01-09', 'Cecil', 'Bollini', 'Calle 123', '70', '1', '9'),
	('68', '6', '2023-01-13', 'Brody', 'Purvey', 'Calle 123', '94', '1', '22'),
	('69', '1', '2023-06-18', 'Meggi', 'Cicchetto', 'Calle 123', '48', '1', '13'),
	('70', '1', '2022-12-29', 'Alvin', 'St. Quentin', 'Plaza 789', '3', '1', '17'),
	('71', '7', '2023-01-25', 'Flori', 'Tremellier', 'Plaza 789', '63', '1', '19'),
	('72', '5', '2022-12-08', 'Dwain', 'Ilchenko', 'Plaza 789', '50', '1', '23'),
	('73', '1', '2023-01-31', 'Shermy', 'Betton', 'Calle 123', '60', '1', '15'),
	('74', '6', '2023-01-18', 'Marcelia', 'Blanning', 'Avenida 456', '12', '1', '19'),
	('75', '5', '2023-06-28', 'Loraine', 'Baudone', 'Plaza 789', '98', '1', '8'),
	('76', '1', '2022-08-21', 'Rich', 'McGlew', 'Plaza 789', '39', '1', '4'),
	('77', '2', '2023-08-15', 'Lewes', 'Canet', 'Avenida 456', '26', '1', '15'),
	('78', '4', '2023-06-04', 'Nike', 'Vasilyev', 'Calle 123', '69', '1', '11'),
	('79', '3', '2022-12-16', 'Rudolf', 'Collip', 'Avenida 456', '65', '1', '14'),
	('80', '2', '2023-06-20', 'Zita', 'Briton', 'Plaza 789', '6', '1', '24'),
	('81', '5', '2023-04-15', 'Lucais', 'Echallier', 'Calle 123', '19', '1', '16'),
	('82', '4', '2023-03-10', 'Hyatt', 'Leidecker', 'Calle 123', '57', '1', '17'),
	('83', '5', '2022-09-06', 'Rebekkah', 'Winspurr', 'Plaza 789', '9', '1', '2'),
	('84', '6', '2022-10-19', 'Tildi', 'Tear', 'Calle 123', '40', '1', '12'),
	('85', '3', '2022-11-16', 'Amos', 'Burge', 'Avenida 456', '30', '1', '7'),
	('86', '1', '2023-04-15', 'Niko', 'Ferreo', 'Avenida 456', '81', '1', '8'),
	('87', '2', '2023-04-12', 'Karrah', 'Rudge', 'Avenida 456', '55', '1', '4'),
	('88', '1', '2023-08-12', 'Geoffry', 'Tidball', 'Avenida 456', '2', '1', '6'),
	('89', '2', '2022-09-18', 'Elfreda', 'Smallsman', 'Calle 123', '22', '1', '9'),
	('90', '3', '2022-08-24', 'Page', 'Bockings', 'Avenida 456', '76', '1', '5'),
	('91', '5', '2022-10-20', 'Hilliard', 'Chorley', 'Avenida 456', '56', '1', '10'),
	('92', '7', '2022-10-02', 'Norma', 'Bente', 'Calle 123', '13', '1', '21'),
	('93', '2', '2023-01-11', 'Diarmid', 'Lovering', 'Avenida 456', '87', '1', '15'),
	('94', '6', '2023-03-02', 'Crissie', 'Chadderton', 'Calle 123', '94', '1', '15'),
	('95', '6', '2023-05-03', 'Kenny', 'Sherebrook', 'Avenida 456', '18', '1', '3'),
	('96', '5', '2022-09-16', 'Boyd', 'Longo', 'Plaza 789', '77', '1', '2'),
	('97', '2', '2023-04-12', 'Jewel', 'Duffet', 'Calle 123', '75', '1', '5'),
	('98', '6', '2022-10-06', 'Papagena', 'Delicate', 'Calle 123', '65', '1', '24'),
	('99', '5', '2022-10-21', 'Arley', 'Staite', 'Plaza 789', '90', '1', '22'),
	('100', '1', '2022-12-23', 'Alex', 'Knagges', 'Calle 123', '96', '1', '21'),
	('101', '1', '2022-12-15', 'Alexandr', 'Kirdsch', 'Avenida 456', '31', '1', '23'),
	('102', '5', '2022-09-03', 'Loni', 'Lannon', 'Calle 123', '26', '1', '5'),
	('103', '7', '2022-10-04', 'Adrianne', 'Cocklie', 'Avenida 456', '12', '1', '16'),
	('104', '4', '2023-01-22', 'Hannah', 'Goodyer', 'Calle 123', '65', '1', '10'),
	('105', '1', '2023-05-23', 'Josselyn', 'Sooley', 'Plaza 789', '73', '1', '3'),
	('106', '4', '2023-01-27', 'Devlen', 'Brakespear', 'Avenida 456', '10', '1', '10'),
	('107', '4', '2023-01-19', 'Kristopher', 'Gribbin', 'Plaza 789', '53', '1', '2'),
	('108', '2', '2022-10-24', 'Mariejeanne', 'Bolter', 'Avenida 456', '2', '1', '21'),
	('109', '2', '2023-03-16', 'Ulrica', 'Cruddas', 'Plaza 789', '25', '1', '19'),
	('110', '7', '2022-11-16', 'Nathan', 'Teese', 'Calle 123', '72', '1', '5'),
	('111', '4', '2022-10-14', 'Danie', 'Bruneton', 'Avenida 456', '32', '1', '11'),
	('112', '2', '2023-03-19', 'Lalo', 'Hartzog', 'Avenida 456', '22', '1', '9'),
	('113', '3', '2023-03-13', 'Anderson', 'Etchells', 'Avenida 456', '50', '1', '22'),
	('114', '4', '2023-02-23', 'Clari', 'Indruch', 'Calle 123', '33', '1', '15'),
	('115', '1', '2023-04-15', 'Sigismondo', 'Sotheby', 'Calle 123', '84', '1', '7'),
	('116', '4', '2022-12-23', 'Marylinda', 'de Mendoza', 'Avenida 456', '47', '1', '1'),
	('117', '2', '2022-09-29', 'Yul', 'Le Conte', 'Avenida 456', '1', '1', '2'),
	('118', '4', '2023-02-23', 'Shurwood', 'Elsley', 'Plaza 789', '81', '1', '12'),
	('119', '6', '2023-07-21', 'Chaunce', 'Alldis', 'Plaza 789', '55', '1', '9'),
	('120', '1', '2022-10-17', 'Sophi', 'Moran', 'Calle 123', '15', '1', '22'),
	('121', '2', '2022-11-06', 'Diarmid', 'Schohier', 'Avenida 456', '62', '1', '1'),
	('122', '7', '2023-02-03', 'Christal', 'Lummis', 'Plaza 789', '24', '1', '12'),
	('123', '6', '2023-03-01', 'Scott', 'Hallwood', 'Calle 123', '12', '1', '7'),
	('124', '2', '2023-07-03', 'Shara', 'Fear', 'Plaza 789', '5', '1', '22'),
	('125', '1', '2022-10-14', 'Juliette', 'Malamore', 'Calle 123', '98', '1', '22'),
	('126', '1', '2023-05-23', 'Dorrie', 'Ogger', 'Calle 123', '26', '1', '18'),
	('127', '5', '2022-09-21', 'Cointon', 'Embury', 'Plaza 789', '27', '1', '24'),
	('128', '4', '2023-04-19', 'Leonid', 'Louis', 'Plaza 789', '69', '1', '14'),
	('129', '7', '2023-01-20', 'Aileen', 'Beedham', 'Calle 123', '43', '1', '20'),
	('130', '7', '2022-11-03', 'Colly', 'Naptin', 'Calle 123', '71', '1', '5'),
	('131', '5', '2022-10-13', 'Dick', 'Corneliussen', 'Avenida 456', '59', '1', '2'),
	('132', '2', '2022-09-25', 'Gawen', 'Challes', 'Plaza 789', '26', '1', '13'),
	('133', '2', '2022-09-14', 'Marty', 'McClurg', 'Calle 123', '60', '1', '13'),
	('134', '3', '2023-03-27', 'Addie', 'Garbar', 'Calle 123', '59', '1', '1'),
	('135', '2', '2022-09-01', 'Raynor', 'Santello', 'Calle 123', '74', '1', '18'),
	('136', '6', '2023-01-25', 'Vidovik', 'Simkiss', 'Avenida 456', '31', '1', '18'),
	('137', '7', '2023-03-28', 'Albrecht', 'Pyecroft', 'Calle 123', '18', '1', '14'),
	('138', '7', '2023-07-12', 'Morty', 'MacPaden', 'Plaza 789', '20', '1', '12'),
	('139', '4', '2023-07-14', 'Theresita', 'Appleton', 'Avenida 456', '72', '1', '24'),
	('140', '1', '2022-12-10', 'Morly', 'Salasar', 'Plaza 789', '14', '1', '24'),
	('141', '7', '2023-05-11', 'Fayette', 'Hudless', 'Calle 123', '23', '1', '20'),
	('142', '2', '2023-07-28', 'Corbin', 'Diffley', 'Plaza 789', '5', '1', '10'),
	('143', '6', '2023-06-22', 'Salomon', 'Yeeles', 'Plaza 789', '96', '1', '7'),
	('144', '2', '2022-08-21', 'Margaux', 'Margrem', 'Calle 123', '66', '1', '10'),
	('145', '4', '2023-02-11', 'Jolynn', 'Cargill', 'Plaza 789', '95', '1', '1'),
	('146', '1', '2023-05-29', 'Orelie', 'Bilby', 'Calle 123', '43', '1', '14'),
	('147', '7', '2023-02-13', 'Bay', 'Chasteney', 'Plaza 789', '14', '1', '11'),
	('148', '4', '2023-05-17', 'Tobit', 'Jamme', 'Calle 123', '73', '1', '19'),
	('149', '3', '2023-08-15', 'Gerty', 'Sayles', 'Plaza 789', '98', '1', '17'),
	('150', '4', '2022-08-20', 'Tedi', 'Ilchuk', 'Plaza 789', '62', '1', '13');
    CREATE TABLE `animales_estado` 
(
    `id_estado`	INT PRIMARY KEY,
    `descripcion_estado`	VARCHAR(512)
);
INSERT INTO `animales_estado` (`id_estado`, `descripcion_estado`) VALUES
	('1', 'sano'),
	('2', 'enfermo'),
	('3', 'herido'),
	('4', 'recuperándose'),
	('5', 'activo'),
	('6', 'en tratamiento'),
	('7', 'fallecido');
    CREATE TABLE `localidad` 
(
    `id_localidad`	INT PRIMARY KEY,
    `localidad`	VARCHAR(512)
);
INSERT INTO `localidad` (`id_localidad`, `localidad`) VALUES
	('1', 'Rosario'),
	('2', 'Tucumán'),
	('3', 'Santa Fe'),
	('4', 'Rosario'),
	('5', 'Tucumán'),
	('6', 'Salta'),
	('7', 'Mar del Plata'),
	('8', 'Salta'),
	('9', 'Córdoba'),
	('10', 'San Juan'),
	('11', 'Córdoba'),
	('12', 'Mendoza'),
	('13', 'San Juan'),
	('14', 'Mar del Plata'),
	('15', 'Mar del Plata'),
	('16', 'Buenos Aires'),
	('17', 'Mendoza'),
	('18', 'Buenos Aires'),
	('19', 'Mar del Plata'),
	('20', 'Tucumán'),
	('21', 'Tucumán'),
	('22', 'Santa Fe'),
	('23', 'San Juan'),
	('24', 'Salta'),
	('25', 'Santa Fe'),
	('26', 'San Juan'),
	('27', 'Rosario'),
	('28', 'Córdoba'),
	('29', 'Buenos Aires'),
	('30', 'Mar del Plata'),
	('31', 'Salta'),
	('32', 'Tucumán'),
	('33', 'Mendoza'),
	('34', 'Tucumán'),
	('35', 'La Plata'),
	('36', 'Buenos Aires'),
	('37', 'Tucumán'),
	('38', 'San Juan'),
	('39', 'La Plata'),
	('40', 'San Juan'),
	('41', 'Córdoba'),
	('42', 'Mendoza'),
	('43', 'San Juan'),
	('44', 'San Juan'),
	('45', 'Santa Fe'),
	('46', 'Mar del Plata'),
	('47', 'La Plata'),
	('48', 'Mar del Plata'),
	('49', 'Salta'),
	('50', 'San Juan'),
	('51', 'Buenos Aires'),
	('52', 'San Juan'),
	('53', 'Mar del Plata'),
	('54', 'Mendoza'),
	('55', 'Córdoba'),
	('56', 'Rosario'),
	('57', 'Rosario'),
	('58', 'Mar del Plata'),
	('59', 'Rosario'),
	('60', 'Rosario'),
	('61', 'Mar del Plata'),
	('62', 'San Juan'),
	('63', 'Córdoba'),
	('64', 'Salta'),
	('65', 'Tucumán'),
	('66', 'San Juan'),
	('67', 'Córdoba'),
	('68', 'Salta'),
	('69', 'Santa Fe'),
	('70', 'Tucumán'),
	('71', 'San Juan'),
	('72', 'San Juan'),
	('73', 'Mar del Plata'),
	('74', 'San Juan'),
	('75', 'Buenos Aires'),
	('76', 'Mendoza'),
	('77', 'Mar del Plata'),
	('78', 'Mar del Plata'),
	('79', 'Mendoza'),
	('80', 'Santa Fe'),
	('81', 'Rosario'),
	('82', 'San Juan'),
	('83', 'La Plata'),
	('84', 'Salta'),
	('85', 'Córdoba'),
	('86', 'Córdoba'),
	('87', 'Mar del Plata'),
	('88', 'Mendoza'),
	('89', 'Salta'),
	('90', 'Mendoza'),
	('91', 'Tucumán'),
	('92', 'Santa Fe'),
	('93', 'Buenos Aires'),
	('94', 'Buenos Aires'),
	('95', 'Salta'),
	('96', 'Mar del Plata'),
	('97', 'Mendoza'),
	('98', 'Córdoba'),
	('99', 'Salta'),
	('100', 'Rosario'),
	('101', 'Rosario'),
	('102', 'La Plata'),
	('103', 'Mendoza'),
	('104', 'Córdoba'),
	('105', 'Mar del Plata'),
	('106', 'Mendoza'),
	('107', 'Tucumán'),
	('108', 'Salta'),
	('109', 'Tucumán'),
	('110', 'Salta'),
	('111', 'Salta'),
	('112', 'Rosario'),
	('113', 'Rosario'),
	('114', 'Córdoba'),
	('115', 'Córdoba'),
	('116', 'Mar del Plata'),
	('117', 'Córdoba'),
	('118', 'Rosario'),
	('119', 'Buenos Aires'),
	('120', 'Tucumán'),
	('121', 'San Juan'),
	('122', 'Santa Fe'),
	('123', 'Buenos Aires'),
	('124', 'Buenos Aires'),
	('125', 'Rosario'),
	('126', 'San Juan'),
	('127', 'Buenos Aires'),
	('128', 'La Plata'),
	('129', 'Córdoba'),
	('130', 'Córdoba'),
	('131', 'San Juan'),
	('132', 'Rosario'),
	('133', 'Mar del Plata'),
	('134', 'Buenos Aires'),
	('135', 'San Juan'),
	('136', 'Mendoza'),
	('137', 'La Plata'),
	('138', 'Santa Fe'),
	('139', 'Mendoza'),
	('140', 'Tucumán'),
	('141', 'Rosario'),
	('142', 'Buenos Aires'),
	('143', 'Buenos Aires'),
	('144', 'Mendoza'),
	('145', 'Salta'),
	('146', 'Buenos Aires'),
	('147', 'Córdoba'),
	('148', 'Córdoba'),
	('149', 'Mendoza'),
	('150', 'Tucumán'),
	('151', 'Rosario'),
	('152', 'San Juan'),
	('153', 'La Plata'),
	('154', 'Mar del Plata'),
	('155', 'Tucumán'),
	('156', 'Rosario'),
	('157', 'Santa Fe'),
	('158', 'Salta'),
	('159', 'La Plata'),
	('160', 'Mar del Plata'),
	('161', 'Santa Fe'),
	('162', 'San Juan'),
	('163', 'Salta'),
	('164', 'Mar del Plata'),
	('165', 'Mar del Plata'),
	('166', 'Mendoza'),
	('167', 'Buenos Aires'),
	('168', 'Santa Fe'),
	('169', 'Córdoba'),
	('170', 'Buenos Aires'),
	('171', 'Buenos Aires'),
	('172', 'Mar del Plata'),
	('173', 'Rosario'),
	('174', 'La Plata'),
	('175', 'Buenos Aires'),
	('176', 'Santa Fe'),
	('177', 'Rosario'),
	('178', 'La Plata'),
	('179', 'San Juan'),
	('180', 'Córdoba'),
	('181', 'Mar del Plata'),
	('182', 'Córdoba'),
	('183', 'La Plata'),
	('184', 'Salta'),
	('185', 'Santa Fe'),
	('186', 'La Plata'),
	('187', 'Rosario'),
	('188', 'La Plata'),
	('189', 'La Plata'),
	('190', 'Rosario'),
	('191', 'Mar del Plata'),
	('192', 'Buenos Aires'),
	('193', 'San Juan'),
	('194', 'Salta'),
	('195', 'Salta'),
	('196', 'Mar del Plata'),
	('197', 'Santa Fe'),
	('198', 'Mendoza'),
	('199', 'Buenos Aires'),
	('200', 'Salta'),
	('201', 'Salta'),
	('202', 'Tucumán'),
	('203', 'San Juan'),
	('204', 'Santa Fe'),
	('205', 'San Juan'),
	('206', 'Buenos Aires'),
	('207', 'Córdoba'),
	('208', 'Mar del Plata'),
	('209', 'San Juan'),
	('210', 'Buenos Aires'),
	('211', 'Mendoza'),
	('212', 'Santa Fe'),
	('213', 'Córdoba'),
	('214', 'Salta'),
	('215', 'La Plata'),
	('216', 'Salta'),
	('217', 'Santa Fe'),
	('218', 'Rosario'),
	('219', 'Mendoza'),
	('220', 'Santa Fe'),
	('221', 'Salta'),
	('222', 'Buenos Aires'),
	('223', 'Tucumán'),
	('224', 'Rosario'),
	('225', 'Mendoza'),
	('226', 'Rosario'),
	('227', 'La Plata'),
	('228', 'Salta'),
	('229', 'Salta'),
	('230', 'Santa Fe'),
	('231', 'Mar del Plata'),
	('232', 'Santa Fe'),
	('233', 'Santa Fe'),
	('234', 'Buenos Aires'),
	('235', 'Rosario'),
	('236', 'Córdoba'),
	('237', 'Córdoba'),
	('238', 'Rosario'),
	('239', 'Córdoba'),
	('240', 'Buenos Aires'),
	('241', 'Tucumán'),
	('242', 'Tucumán'),
	('243', 'Córdoba'),
	('244', 'San Juan'),
	('245', 'Córdoba'),
	('246', 'Tucumán'),
	('247', 'San Juan'),
	('248', 'Mendoza'),
	('249', 'Buenos Aires'),
	('250', 'La Plata'),
	('251', 'Rosario'),
	('252', 'Salta'),
	('253', 'Buenos Aires'),
	('254', 'San Juan'),
	('255', 'Santa Fe'),
	('256', 'Mar del Plata'),
	('257', 'Mar del Plata'),
	('258', 'Córdoba'),
	('259', 'Salta'),
	('260', 'Buenos Aires'),
	('261', 'Buenos Aires'),
	('262', 'Rosario'),
	('263', 'Salta'),
	('264', 'Mendoza'),
	('265', 'Mendoza'),
	('266', 'Tucumán'),
	('267', 'Mendoza'),
	('268', 'Mendoza'),
	('269', 'Tucumán'),
	('270', 'La Plata'),
	('271', 'Buenos Aires'),
	('272', 'Buenos Aires'),
	('273', 'Buenos Aires'),
	('274', 'Salta'),
	('275', 'Tucumán'),
	('276', 'Santa Fe'),
	('277', 'Salta'),
	('278', 'Santa Fe'),
	('279', 'Salta'),
	('280', 'La Plata'),
	('281', 'Mendoza'),
	('282', 'Buenos Aires'),
	('283', 'Buenos Aires'),
	('284', 'Salta'),
	('285', 'San Juan'),
	('286', 'Buenos Aires'),
	('287', 'Mar del Plata'),
	('288', 'Buenos Aires'),
	('289', 'Mar del Plata'),
	('290', 'La Plata'),
	('291', 'La Plata'),
	('292', 'Rosario'),
	('293', 'Salta'),
	('294', 'Tucumán'),
	('295', 'Mendoza'),
	('296', 'Salta'),
	('297', 'Mar del Plata'),
	('298', 'La Plata'),
	('299', 'Córdoba'),
	('300', 'Mendoza'),
	('301', 'Buenos Aires'),
	('302', 'Buenos Aires'),
	('303', 'Mar del Plata'),
	('304', 'Santa Fe'),
	('305', 'Santa Fe'),
	('306', 'La Plata'),
	('307', 'Córdoba'),
	('308', 'La Plata'),
	('309', 'Salta'),
	('310', 'Mendoza'),
	('311', 'Santa Fe'),
	('312', 'Mendoza'),
	('313', 'Mar del Plata'),
	('314', 'Córdoba'),
	('315', 'Santa Fe'),
	('316', 'San Juan'),
	('317', 'Santa Fe'),
	('318', 'Salta'),
	('319', 'Santa Fe'),
	('320', 'Tucumán'),
	('321', 'Salta'),
	('322', 'San Juan'),
	('323', 'Tucumán'),
	('324', 'Rosario'),
	('325', 'Mendoza'),
	('326', 'Mendoza'),
	('327', 'Córdoba'),
	('328', 'La Plata'),
	('329', 'Santa Fe'),
	('330', 'Mar del Plata'),
	('331', 'Mar del Plata'),
	('332', 'Salta'),
	('333', 'Rosario'),
	('334', 'Mendoza'),
	('335', 'Rosario'),
	('336', 'La Plata'),
	('337', 'Córdoba'),
	('338', 'La Plata'),
	('339', 'Salta'),
	('340', 'San Juan'),
	('341', 'La Plata'),
	('342', 'Rosario'),
	('343', 'Buenos Aires'),
	('344', 'Tucumán'),
	('345', 'Córdoba'),
	('346', 'Tucumán'),
	('347', 'Córdoba'),
	('348', 'Rosario'),
	('349', 'Mendoza'),
	('350', 'Tucumán'),
	('351', 'Salta'),
	('352', 'Buenos Aires'),
	('353', 'Tucumán'),
	('354', 'Rosario'),
	('355', 'Mendoza'),
	('356', 'Tucumán'),
	('357', 'Córdoba'),
	('358', 'Mendoza'),
	('359', 'Tucumán'),
	('360', 'Córdoba'),
	('361', 'San Juan'),
	('362', 'San Juan'),
	('363', 'Córdoba'),
	('364', 'Buenos Aires'),
	('365', 'La Plata'),
	('366', 'Buenos Aires'),
	('367', 'Mar del Plata'),
	('368', 'Mendoza'),
	('369', 'Córdoba'),
	('370', 'Rosario'),
	('371', 'Rosario'),
	('372', 'La Plata'),
	('373', 'Rosario'),
	('374', 'Mendoza'),
	('375', 'Mendoza'),
	('376', 'San Juan'),
	('377', 'La Plata'),
	('378', 'Mar del Plata'),
	('379', 'Tucumán'),
	('380', 'San Juan'),
	('381', 'Mendoza'),
	('382', 'Tucumán'),
	('383', 'Tucumán'),
	('384', 'Rosario'),
	('385', 'Tucumán'),
	('386', 'Tucumán'),
	('387', 'Rosario'),
	('388', 'Santa Fe'),
	('389', 'Mendoza'),
	('390', 'Córdoba'),
	('391', 'San Juan'),
	('392', 'Mar del Plata'),
	('393', 'Rosario'),
	('394', 'Mar del Plata'),
	('395', 'Mendoza'),
	('396', 'San Juan'),
	('397', 'Mendoza'),
	('398', 'Rosario'),
	('399', 'San Juan'),
	('400', 'Tucumán'),
	('401', 'Mendoza'),
	('402', 'Salta'),
	('403', 'Buenos Aires'),
	('404', 'Rosario'),
	('405', 'San Juan'),
	('406', 'Tucumán'),
	('407', 'Tucumán'),
	('408', 'Buenos Aires'),
	('409', 'San Juan'),
	('410', 'Mendoza'),
	('411', 'Salta'),
	('412', 'Santa Fe'),
	('413', 'Buenos Aires'),
	('414', 'Córdoba'),
	('415', 'Mar del Plata'),
	('416', 'Córdoba'),
	('417', 'Mar del Plata'),
	('418', 'Córdoba'),
	('419', 'Rosario'),
	('420', 'Rosario'),
	('421', 'Mendoza'),
	('422', 'Rosario'),
	('423', 'Mar del Plata'),
	('424', 'San Juan'),
	('425', 'Buenos Aires'),
	('426', 'Salta'),
	('427', 'Salta'),
	('428', 'San Juan'),
	('429', 'Mendoza'),
	('430', 'Tucumán'),
	('431', 'Tucumán'),
	('432', 'San Juan'),
	('433', 'Salta'),
	('434', 'Mar del Plata'),
	('435', 'Buenos Aires'),
	('436', 'Santa Fe'),
	('437', 'Mar del Plata'),
	('438', 'Mar del Plata'),
	('439', 'Mendoza'),
	('440', 'Tucumán'),
	('441', 'Santa Fe'),
	('442', 'Salta'),
	('443', 'Mendoza'),
	('444', 'Rosario'),
	('445', 'Santa Fe'),
	('446', 'Buenos Aires'),
	('447', 'Rosario'),
	('448', 'San Juan'),
	('449', 'Mendoza'),
	('450', 'Tucumán'),
	('451', 'Mendoza'),
	('452', 'Córdoba'),
	('453', 'Santa Fe'),
	('454', 'Mendoza'),
	('455', 'Buenos Aires'),
	('456', 'San Juan'),
	('457', 'Salta'),
	('458', 'Tucumán'),
	('459', 'Mar del Plata'),
	('460', 'Mendoza'),
	('461', 'Mar del Plata'),
	('462', 'Salta'),
	('463', 'La Plata'),
	('464', 'Mendoza'),
	('465', 'Mar del Plata'),
	('466', 'Córdoba'),
	('467', 'Mar del Plata'),
	('468', 'Tucumán'),
	('469', 'Córdoba'),
	('470', 'Buenos Aires'),
	('471', 'Mar del Plata'),
	('472', 'Rosario'),
	('473', 'San Juan'),
	('474', 'San Juan'),
	('475', 'Mendoza'),
	('476', 'Córdoba'),
	('477', 'Salta'),
	('478', 'Mar del Plata'),
	('479', 'Buenos Aires'),
	('480', 'San Juan'),
	('481', 'Santa Fe'),
	('482', 'Mendoza'),
	('483', 'Mendoza'),
	('484', 'Córdoba'),
	('485', 'Buenos Aires'),
	('486', 'Salta'),
	('487', 'Rosario'),
	('488', 'San Juan'),
	('489', 'Salta'),
	('490', 'Santa Fe'),
	('491', 'Córdoba'),
	('492', 'Salta'),
	('493', 'Rosario'),
	('494', 'Córdoba'),
	('495', 'Mendoza'),
	('496', 'Mendoza'),
	('497', 'Mar del Plata'),
	('498', 'Salta'),
	('499', 'Mar del Plata'),
	('500', 'Rosario'),
	('501', 'Santa Fe'),
	('502', 'Tucumán'),
	('503', 'Rosario'),
	('504', 'Santa Fe'),
	('505', 'Salta'),
	('506', 'Salta'),
	('507', 'San Juan'),
	('508', 'Tucumán'),
	('509', 'Salta'),
	('510', 'Mendoza'),
	('511', 'Mendoza'),
	('512', 'Salta'),
	('513', 'Tucumán'),
	('514', 'San Juan'),
	('515', 'Santa Fe'),
	('516', 'Mar del Plata'),
	('517', 'Buenos Aires'),
	('518', 'Santa Fe'),
	('519', 'San Juan'),
	('520', 'La Plata'),
	('521', 'Córdoba'),
	('522', 'Córdoba'),
	('523', 'Tucumán'),
	('524', 'Rosario'),
	('525', 'Córdoba'),
	('526', 'Tucumán'),
	('527', 'La Plata'),
	('528', 'Córdoba'),
	('529', 'Buenos Aires'),
	('530', 'Santa Fe'),
	('531', 'La Plata'),
	('532', 'Córdoba'),
	('533', 'San Juan'),
	('534', 'Buenos Aires'),
	('535', 'Buenos Aires'),
	('536', 'Mar del Plata'),
	('537', 'Rosario'),
	('538', 'Santa Fe'),
	('539', 'Rosario'),
	('540', 'Tucumán'),
	('541', 'Salta'),
	('542', 'San Juan'),
	('543', 'Santa Fe'),
	('544', 'Mar del Plata'),
	('545', 'La Plata'),
	('546', 'La Plata'),
	('547', 'Mar del Plata'),
	('548', 'Mar del Plata'),
	('549', 'Rosario'),
	('550', 'Tucumán'),
	('551', 'Mar del Plata'),
	('552', 'Tucumán'),
	('553', 'Tucumán'),
	('554', 'Mar del Plata'),
	('555', 'Santa Fe'),
	('556', 'Rosario'),
	('557', 'La Plata'),
	('558', 'La Plata'),
	('559', 'Santa Fe'),
	('560', 'San Juan'),
	('561', 'La Plata'),
	('562', 'Rosario'),
	('563', 'La Plata'),
	('564', 'Salta'),
	('565', 'La Plata'),
	('566', 'Tucumán'),
	('567', 'Buenos Aires'),
	('568', 'San Juan'),
	('569', 'Buenos Aires'),
	('570', 'Mar del Plata'),
	('571', 'Córdoba'),
	('572', 'Santa Fe'),
	('573', 'Buenos Aires'),
	('574', 'Salta'),
	('575', 'Mendoza'),
	('576', 'Mendoza'),
	('577', 'Salta'),
	('578', 'Santa Fe'),
	('579', 'Mendoza'),
	('580', 'Tucumán'),
	('581', 'San Juan'),
	('582', 'Buenos Aires'),
	('583', 'La Plata'),
	('584', 'Santa Fe'),
	('585', 'Santa Fe'),
	('586', 'Buenos Aires'),
	('587', 'Mar del Plata'),
	('588', 'Mendoza'),
	('589', 'La Plata'),
	('590', 'Mendoza'),
	('591', 'Buenos Aires'),
	('592', 'Buenos Aires'),
	('593', 'Córdoba'),
	('594', 'Rosario'),
	('595', 'Rosario'),
	('596', 'Santa Fe'),
	('597', 'Mar del Plata'),
	('598', 'Santa Fe'),
	('599', 'Santa Fe'),
	('600', 'Tucumán'),
	('601', 'Tucumán'),
	('602', 'Tucumán'),
	('603', 'Santa Fe'),
	('604', 'San Juan'),
	('605', 'San Juan'),
	('606', 'Rosario'),
	('607', 'Tucumán'),
	('608', 'Mar del Plata'),
	('609', 'Santa Fe'),
	('610', 'Mendoza'),
	('611', 'Buenos Aires'),
	('612', 'Mar del Plata'),
	('613', 'San Juan'),
	('614', 'Rosario'),
	('615', 'Buenos Aires'),
	('616', 'Mendoza'),
	('617', 'San Juan'),
	('618', 'Buenos Aires'),
	('619', 'Salta'),
	('620', 'Mar del Plata'),
	('621', 'Buenos Aires'),
	('622', 'Buenos Aires'),
	('623', 'Rosario'),
	('624', 'Tucumán'),
	('625', 'Salta'),
	('626', 'Salta'),
	('627', 'Córdoba'),
	('628', 'Rosario'),
	('629', 'Tucumán'),
	('630', 'Rosario'),
	('631', 'Tucumán'),
	('632', 'La Plata'),
	('633', 'Tucumán'),
	('634', 'Tucumán'),
	('635', 'Mar del Plata'),
	('636', 'Rosario'),
	('637', 'San Juan'),
	('638', 'Córdoba'),
	('639', 'Mar del Plata'),
	('640', 'Mendoza'),
	('641', 'Salta'),
	('642', 'Rosario'),
	('643', 'Rosario'),
	('644', 'Rosario'),
	('645', 'Mar del Plata'),
	('646', 'Santa Fe'),
	('647', 'Mendoza'),
	('648', 'Córdoba'),
	('649', 'Mar del Plata'),
	('650', 'Buenos Aires'),
	('651', 'Córdoba'),
	('652', 'Mendoza'),
	('653', 'Rosario'),
	('654', 'Mendoza'),
	('655', 'Córdoba'),
	('656', 'Tucumán'),
	('657', 'Mar del Plata'),
	('658', 'Tucumán'),
	('659', 'La Plata'),
	('660', 'Mar del Plata'),
	('661', 'Mendoza'),
	('662', 'La Plata'),
	('663', 'Mar del Plata'),
	('664', 'Rosario'),
	('665', 'Rosario'),
	('666', 'Mar del Plata'),
	('667', 'Santa Fe'),
	('668', 'Buenos Aires'),
	('669', 'Mar del Plata'),
	('670', 'La Plata'),
	('671', 'San Juan'),
	('672', 'Mar del Plata'),
	('673', 'Rosario'),
	('674', 'Santa Fe'),
	('675', 'Buenos Aires'),
	('676', 'San Juan'),
	('677', 'San Juan'),
	('678', 'Córdoba'),
	('679', 'Santa Fe'),
	('680', 'Salta'),
	('681', 'Santa Fe'),
	('682', 'San Juan'),
	('683', 'Santa Fe'),
	('684', 'Mendoza'),
	('685', 'Rosario'),
	('686', 'San Juan'),
	('687', 'La Plata'),
	('688', 'Mar del Plata'),
	('689', 'Tucumán'),
	('690', 'Santa Fe'),
	('691', 'Tucumán'),
	('692', 'Mar del Plata'),
	('693', 'Mar del Plata'),
	('694', 'San Juan'),
	('695', 'Rosario'),
	('696', 'Buenos Aires'),
	('697', 'Mar del Plata'),
	('698', 'Rosario'),
	('699', 'Santa Fe'),
	('700', 'Santa Fe'),
	('701', 'Buenos Aires'),
	('702', 'Mar del Plata'),
	('703', 'La Plata'),
	('704', 'Tucumán'),
	('705', 'Salta'),
	('706', 'Salta'),
	('707', 'La Plata'),
	('708', 'San Juan'),
	('709', 'Mar del Plata'),
	('710', 'Buenos Aires'),
	('711', 'Santa Fe'),
	('712', 'Córdoba'),
	('713', 'Buenos Aires'),
	('714', 'Rosario'),
	('715', 'La Plata'),
	('716', 'Salta'),
	('717', 'San Juan'),
	('718', 'Salta'),
	('719', 'La Plata'),
	('720', 'La Plata'),
	('721', 'Rosario'),
	('722', 'San Juan'),
	('723', 'Rosario'),
	('724', 'La Plata'),
	('725', 'La Plata'),
	('726', 'Mendoza'),
	('727', 'Córdoba'),
	('728', 'Tucumán'),
	('729', 'Santa Fe'),
	('730', 'Salta'),
	('731', 'Córdoba'),
	('732', 'Santa Fe'),
	('733', 'San Juan'),
	('734', 'Salta'),
	('735', 'Salta'),
	('736', 'La Plata'),
	('737', 'La Plata'),
	('738', 'Tucumán'),
	('739', 'San Juan'),
	('740', 'Tucumán'),
	('741', 'Buenos Aires'),
	('742', 'Santa Fe'),
	('743', 'Mar del Plata'),
	('744', 'Buenos Aires'),
	('745', 'Salta'),
	('746', 'Buenos Aires'),
	('747', 'Rosario'),
	('748', 'Santa Fe'),
	('749', 'Tucumán'),
	('750', 'Buenos Aires'),
	('751', 'La Plata'),
	('752', 'La Plata'),
	('753', 'Mar del Plata'),
	('754', 'Salta'),
	('755', 'San Juan'),
	('756', 'La Plata'),
	('757', 'San Juan'),
	('758', 'San Juan'),
	('759', 'Buenos Aires'),
	('760', 'La Plata'),
	('761', 'San Juan'),
	('762', 'Tucumán'),
	('763', 'Córdoba'),
	('764', 'Santa Fe'),
	('765', 'Santa Fe'),
	('766', 'Salta'),
	('767', 'Buenos Aires'),
	('768', 'San Juan'),
	('769', 'Rosario'),
	('770', 'Salta'),
	('771', 'San Juan'),
	('772', 'Mendoza'),
	('773', 'Santa Fe'),
	('774', 'Tucumán'),
	('775', 'San Juan'),
	('776', 'Rosario'),
	('777', 'Rosario'),
	('778', 'Mendoza'),
	('779', 'Buenos Aires'),
	('780', 'La Plata'),
	('781', 'Córdoba'),
	('782', 'Santa Fe'),
	('783', 'La Plata'),
	('784', 'Rosario'),
	('785', 'Buenos Aires'),
	('786', 'Córdoba'),
	('787', 'Mendoza'),
	('788', 'Mendoza'),
	('789', 'Mendoza'),
	('790', 'Córdoba'),
	('791', 'San Juan'),
	('792', 'Tucumán'),
	('793', 'San Juan'),
	('794', 'Córdoba'),
	('795', 'Mendoza'),
	('796', 'Santa Fe'),
	('797', 'Mar del Plata'),
	('798', 'Mendoza'),
	('799', 'Tucumán'),
	('800', 'Salta'),
	('801', 'San Juan'),
	('802', 'San Juan'),
	('803', 'Córdoba'),
	('804', 'Buenos Aires'),
	('805', 'Salta'),
	('806', 'Rosario'),
	('807', 'San Juan'),
	('808', 'Rosario'),
	('809', 'Buenos Aires'),
	('810', 'Tucumán'),
	('811', 'Rosario'),
	('812', 'Tucumán'),
	('813', 'Rosario'),
	('814', 'San Juan'),
	('815', 'Salta'),
	('816', 'Rosario'),
	('817', 'Santa Fe'),
	('818', 'Mendoza'),
	('819', 'Córdoba'),
	('820', 'Salta'),
	('821', 'Mendoza'),
	('822', 'Córdoba'),
	('823', 'Rosario'),
	('824', 'Buenos Aires'),
	('825', 'Salta'),
	('826', 'Santa Fe'),
	('827', 'Santa Fe'),
	('828', 'San Juan'),
	('829', 'Buenos Aires'),
	('830', 'Santa Fe'),
	('831', 'Mar del Plata'),
	('832', 'Mendoza'),
	('833', 'Tucumán'),
	('834', 'Córdoba'),
	('835', 'Santa Fe'),
	('836', 'Buenos Aires'),
	('837', 'Mar del Plata'),
	('838', 'Tucumán'),
	('839', 'La Plata'),
	('840', 'Salta'),
	('841', 'Santa Fe'),
	('842', 'Buenos Aires'),
	('843', 'Rosario'),
	('844', 'Santa Fe'),
	('845', 'Buenos Aires'),
	('846', 'La Plata'),
	('847', 'Santa Fe'),
	('848', 'Rosario'),
	('849', 'Salta'),
	('850', 'Salta'),
	('851', 'Tucumán'),
	('852', 'Rosario'),
	('853', 'Mendoza'),
	('854', 'Tucumán'),
	('855', 'Rosario'),
	('856', 'Rosario'),
	('857', 'Salta'),
	('858', 'Buenos Aires'),
	('859', 'Mendoza'),
	('860', 'Mar del Plata'),
	('861', 'La Plata'),
	('862', 'Santa Fe'),
	('863', 'La Plata'),
	('864', 'Mar del Plata'),
	('865', 'Mar del Plata'),
	('866', 'Mendoza'),
	('867', 'San Juan'),
	('868', 'Córdoba'),
	('869', 'Córdoba'),
	('870', 'Santa Fe'),
	('871', 'Buenos Aires'),
	('872', 'San Juan'),
	('873', 'Mendoza'),
	('874', 'Mar del Plata'),
	('875', 'San Juan'),
	('876', 'Salta'),
	('877', 'Mendoza'),
	('878', 'Tucumán'),
	('879', 'La Plata'),
	('880', 'San Juan'),
	('881', 'San Juan'),
	('882', 'La Plata'),
	('883', 'Santa Fe'),
	('884', 'La Plata'),
	('885', 'La Plata'),
	('886', 'Santa Fe'),
	('887', 'San Juan'),
	('888', 'Mar del Plata'),
	('889', 'La Plata'),
	('890', 'La Plata'),
	('891', 'San Juan'),
	('892', 'San Juan'),
	('893', 'Tucumán'),
	('894', 'Córdoba'),
	('895', 'Mendoza'),
	('896', 'San Juan'),
	('897', 'Mendoza'),
	('898', 'Rosario'),
	('899', 'Santa Fe'),
	('900', 'Buenos Aires'),
	('901', 'Mar del Plata'),
	('902', 'Buenos Aires'),
	('903', 'Salta'),
	('904', 'Santa Fe'),
	('905', 'La Plata'),
	('906', 'Mar del Plata'),
	('907', 'Mendoza'),
	('908', 'Córdoba'),
	('909', 'La Plata'),
	('910', 'La Plata'),
	('911', 'Mar del Plata'),
	('912', 'Rosario'),
	('913', 'Santa Fe'),
	('914', 'Buenos Aires'),
	('915', 'Salta'),
	('916', 'La Plata'),
	('917', 'San Juan'),
	('918', 'San Juan'),
	('919', 'Santa Fe'),
	('920', 'Rosario'),
	('921', 'Santa Fe'),
	('922', 'San Juan'),
	('923', 'Santa Fe'),
	('924', 'Santa Fe'),
	('925', 'Salta'),
	('926', 'Salta'),
	('927', 'Buenos Aires'),
	('928', 'Córdoba'),
	('929', 'Mar del Plata'),
	('930', 'Santa Fe'),
	('931', 'Córdoba'),
	('932', 'Salta'),
	('933', 'Mendoza'),
	('934', 'Mendoza'),
	('935', 'Mendoza'),
	('936', 'Tucumán'),
	('937', 'La Plata'),
	('938', 'Santa Fe'),
	('939', 'Buenos Aires'),
	('940', 'Salta'),
	('941', 'Mar del Plata'),
	('942', 'Mar del Plata'),
	('943', 'Buenos Aires'),
	('944', 'Tucumán'),
	('945', 'La Plata'),
	('946', 'Mendoza'),
	('947', 'Mar del Plata'),
	('948', 'Mendoza'),
	('949', 'Córdoba'),
	('950', 'Córdoba'),
	('951', 'San Juan'),
	('952', 'Córdoba'),
	('953', 'Santa Fe'),
	('954', 'Tucumán'),
	('955', 'Buenos Aires'),
	('956', 'Santa Fe'),
	('957', 'Rosario'),
	('958', 'Mendoza'),
	('959', 'Tucumán'),
	('960', 'Tucumán'),
	('961', 'Córdoba'),
	('962', 'Tucumán'),
	('963', 'La Plata'),
	('964', 'Buenos Aires'),
	('965', 'Rosario'),
	('966', 'Salta'),
	('967', 'Santa Fe'),
	('968', 'San Juan'),
	('969', 'Rosario'),
	('970', 'San Juan'),
	('971', 'Rosario'),
	('972', 'Buenos Aires'),
	('973', 'Córdoba'),
	('974', 'Rosario'),
	('975', 'Buenos Aires'),
	('976', 'Salta'),
	('977', 'Santa Fe'),
	('978', 'Rosario'),
	('979', 'Tucumán'),
	('980', 'Tucumán'),
	('981', 'Mar del Plata'),
	('982', 'Mendoza'),
	('983', 'San Juan'),
	('984', 'Buenos Aires'),
	('985', 'Buenos Aires'),
	('986', 'Rosario'),
	('987', 'Salta'),
	('988', 'Santa Fe'),
	('989', 'Córdoba'),
	('990', 'Rosario'),
	('991', 'Tucumán'),
	('992', 'Santa Fe'),
	('993', 'Tucumán'),
	('994', 'Mendoza'),
	('995', 'Santa Fe'),
	('996', 'Córdoba'),
	('997', 'Salta'),
	('998', 'Salta'),
	('999', 'Mendoza'),
	('1000', 'La Plata');
    CREATE TABLE `medicamentos` 
(
    `id_medicamento`	INT PRIMARY KEY,
    `tipo_medicamento`	VARCHAR(512),
    `cantidad`	INT,
    `fecha_compra`	VARCHAR(512),
    `fecha_vencimiento`	VARCHAR(512),
    `precio_unitario`	DOUBLE,
    `monto_impositivo`	DOUBLE,
    `monto_total`	VARCHAR(512)
);
INSERT INTO `medicamentos` (`id_medicamento`, `tipo_medicamento`, `cantidad`, `fecha_compra`, `fecha_vencimiento`, `precio_unitario`, `monto_impositivo`, `monto_total`) VALUES
	('1', 'Antibióticos', '50', '2024-01-12', '2035-08-23', '40500.99', '2089.37', '0'),
	('2', 'Antibióticos', '20', '2024-07-06', '2025-02-16', '11137.1', '3159.51', '0'),
	('3', 'Antiinflamatorios', '41', '2023-03-03', '2025-10-29', '7342.12', '7039.73', '0'),
	('4', 'Vitaminas', '43', '2024-07-20', '2028-07-21', '62007.82', '5608.4', '0'),
	('5', 'Antiparasitarios', '21', '2023-04-11', '2023-09-05', '39877.38', '4777.34', '0'),
	('6', 'Vitaminas', '47', '2024-05-09', '2036-01-24', '32071.87', '7635.66', '0'),
	('7', 'Vitaminas', '3', '2023-03-29', '2038-08-13', '17057.37', '8625.33', '0'),
	('8', 'Antibióticos', '15', '2024-03-12', '2034-03-10', '60300.81', '5503.32', '0'),
	('9', 'Vitaminas', '36', '2022-12-16', '2039-05-14', '47544.8', '5343.82', '0'),
	('10', 'Antibióticos', '39', '2023-09-26', '2030-08-15', '59399.43', '2817.38', '0'),
	('11', 'Antiparasitarios', '38', '2022-11-23', '2036-03-01', '8660.33', '2286.72', '0'),
	('12', 'Analgésicos', '20', '2023-02-25', '2034-04-19', '58553.39', '6986.61', '0'),
	('13', 'Antibióticos', '15', '2024-07-24', '2031-09-19', '47048.11', '4626.41', '0'),
	('14', 'Antiparasitarios', '32', '2023-12-14', '2030-11-20', '36327.05', '3349.95', '0'),
	('15', 'Analgésicos', '22', '2022-11-14', '2034-03-02', '27719.83', '1176.25', '0'),
	('16', 'Antiinflamatorios', '21', '2023-11-14', '2036-01-09', '30480.18', '2140.27', '0'),
	('17', 'Antiinflamatorios', '48', '2022-09-17', '2023-12-27', '60854.48', '7961.54', '0'),
	('18', 'Antibióticos', '49', '2024-04-14', '2038-07-26', '62354.25', '9423.15', '0'),
	('19', 'Antiinflamatorios', '48', '2024-06-27', '2029-08-23', '11544.61', '8169.9', '0'),
	('20', 'Analgésicos', '41', '2023-03-15', '2025-06-05', '55918.96', '3282.77', '0'),
	('21', 'Antiinflamatorios', '24', '2023-02-25', '2035-04-13', '61009.1', '9614.85', '0'),
	('22', 'Antibióticos', '35', '2023-11-12', '2025-03-01', '21503.93', '6877.52', '0'),
	('23', 'Vitaminas', '13', '2023-05-01', '2038-10-29', '25308.83', '1381.23', '0'),
	('24', 'Antiparasitarios', '49', '2023-10-16', '2030-02-15', '40753.78', '8453.48', '0'),
	('25', 'Vitaminas', '29', '2023-03-02', '2039-03-11', '62312.05', '1085.73', '0'),
	('26', 'Antibióticos', '3', '2023-01-05', '2033-12-18', '45714.49', '9759.23', '0'),
	('27', 'Vitaminas', '48', '2024-06-13', '2040-04-09', '44198.32', '6662.43', '0'),
	('28', 'Antibióticos', '32', '2024-04-18', '2039-11-14', '31683.0', '6924.19', '0'),
	('29', 'Antiinflamatorios', '16', '2023-01-18', '2029-06-28', '14143.03', '3828.54', '0'),
	('30', 'Vitaminas', '29', '2024-04-04', '2032-03-27', '54873.68', '5633.96', '0'),
	('31', 'Vitaminas', '6', '2024-01-29', '2036-08-25', '50569.82', '1994.75', '0'),
	('32', 'Antiparasitarios', '22', '2023-01-19', '2035-01-19', '10372.65', '4634.48', '0'),
	('33', 'Antiparasitarios', '7', '2024-02-05', '2037-03-29', '62845.6', '9907.54', '0'),
	('34', 'Antiparasitarios', '16', '2023-04-04', '2030-06-29', '47350.26', '6303.34', '0'),
	('35', 'Antiparasitarios', '4', '2023-03-21', '2033-01-25', '57049.82', '3915.33', '0'),
	('36', 'Analgésicos', '49', '2024-08-13', '2030-09-08', '33776.31', '4357.99', '0'),
	('37', 'Analgésicos', '1', '2023-05-12', '2037-06-04', '64899.65', '8466.19', '0'),
	('38', 'Analgésicos', '16', '2022-10-18', '2039-05-30', '14492.91', '3425.17', '0'),
	('39', 'Antiparasitarios', '41', '2022-11-05', '2030-12-29', '51730.41', '2043.91', '0'),
	('40', 'Antiinflamatorios', '35', '2023-05-22', '2039-05-23', '6523.44', '5432.7', '0'),
	('41', 'Antiinflamatorios', '16', '2023-03-15', '2030-04-09', '11067.3', '6313.69', '0'),
	('42', 'Analgésicos', '41', '2024-03-27', '2038-04-19', '72564.69', '1260.95', '0'),
	('43', 'Antibióticos', '24', '2023-07-21', '2040-06-15', '22212.61', '9838.18', '0'),
	('44', 'Antibióticos', '39', '2023-09-04', '2032-08-22', '70150.29', '8285.29', '0'),
	('45', 'Antiinflamatorios', '30', '2022-09-08', '2033-05-22', '11294.77', '7004.91', '0'),
	('46', 'Vitaminas', '20', '2023-04-02', '2026-09-05', '39497.46', '2786.03', '0'),
	('47', 'Analgésicos', '5', '2024-06-07', '2032-01-09', '71588.31', '9025.9', '0'),
	('48', 'Antibióticos', '10', '2023-02-26', '2030-05-24', '17640.63', '3790.2', '0'),
	('49', 'Antiparasitarios', '27', '2023-01-17', '2033-07-10', '64532.75', '2190.98', '0'),
	('50', 'Analgésicos', '27', '2024-04-14', '2032-04-29', '44528.87', '4670.14', '0'),
	('51', 'Antibióticos', '16', '2024-07-11', '2038-07-19', '54384.47', '1702.74', '0'),
	('52', 'Antiinflamatorios', '17', '2023-10-30', '2039-07-15', '78053.63', '8421.6', '0'),
	('53', 'Antiinflamatorios', '49', '2022-10-19', '2027-01-07', '79238.79', '7195.46', '0'),
	('54', 'Antiinflamatorios', '27', '2023-10-22', '2033-10-13', '10870.79', '7095.94', '0'),
	('55', 'Vitaminas', '45', '2024-07-04', '2025-06-27', '48507.95', '9973.7', '0'),
	('56', 'Analgésicos', '8', '2024-04-01', '2031-10-18', '24228.86', '7325.93', '0'),
	('57', 'Antibióticos', '28', '2024-08-04', '2038-11-27', '49988.09', '1349.14', '0'),
	('58', 'Vitaminas', '48', '2023-02-28', '2040-01-24', '56537.01', '9895.09', '0'),
	('59', 'Antiparasitarios', '14', '2023-12-24', '2030-04-03', '6285.38', '1346.59', '0'),
	('60', 'Antiparasitarios', '9', '2023-07-11', '2038-09-23', '59872.54', '2953.85', '0'),
	('61', 'Antibióticos', '22', '2022-11-03', '2033-01-27', '15446.12', '9464.7', '0'),
	('62', 'Antibióticos', '38', '2024-08-09', '2027-04-25', '45783.1', '9537.4', '0'),
	('63', 'Analgésicos', '16', '2022-11-03', '2037-02-04', '24119.88', '5012.71', '0'),
	('64', 'Antiparasitarios', '50', '2023-11-19', '2029-02-03', '50451.54', '2388.88', '0'),
	('65', 'Antiinflamatorios', '3', '2024-07-13', '2036-10-08', '29353.22', '7856.76', '0'),
	('66', 'Antiparasitarios', '32', '2023-06-28', '2029-01-21', '18812.51', '1804.69', '0'),
	('67', 'Antiinflamatorios', '29', '2023-04-06', '2036-05-23', '61880.95', '5484.15', '0'),
	('68', 'Antibióticos', '37', '2023-03-14', '2031-07-17', '10294.92', '2470.72', '0'),
	('69', 'Antiinflamatorios', '23', '2023-02-28', '2038-05-04', '49117.55', '4964.78', '0'),
	('70', 'Antiinflamatorios', '26', '2023-02-26', '2031-06-06', '63976.29', '1407.65', '0'),
	('71', 'Antiparasitarios', '21', '2022-11-25', '2026-10-07', '7810.59', '5825.95', '0'),
	('72', 'Analgésicos', '27', '2022-10-13', '2026-03-20', '63662.52', '9018.76', '0'),
	('73', 'Antibióticos', '8', '2023-09-09', '2028-05-18', '47773.07', '1234.67', '0'),
	('74', 'Antiinflamatorios', '2', '2023-06-03', '2036-03-13', '62624.59', '5609.1', '0'),
	('75', 'Vitaminas', '11', '2023-09-13', '2032-04-10', '19600.63', '5888.69', '0'),
	('76', 'Vitaminas', '18', '2023-02-18', '2032-04-16', '53792.75', '7366.28', '0'),
	('77', 'Antiinflamatorios', '24', '2023-07-29', '2028-07-24', '11527.41', '9451.54', '0'),
	('78', 'Antiparasitarios', '22', '2023-09-19', '2023-03-06', '42508.06', '8185.66', '0'),
	('79', 'Antiparasitarios', '17', '2023-03-30', '2033-03-20', '56798.19', '7111.25', '0'),
	('80', 'Vitaminas', '26', '2023-04-18', '2024-05-13', '63521.77', '2935.52', '0'),
	('81', 'Antiinflamatorios', '4', '2023-10-31', '2026-06-22', '78939.46', '5266.86', '0'),
	('82', 'Vitaminas', '40', '2024-01-19', '2033-08-01', '79494.43', '4494.61', '0'),
	('83', 'Antibióticos', '2', '2023-09-27', '2029-08-24', '35466.52', '4893.71', '0'),
	('84', 'Antiinflamatorios', '6', '2023-10-05', '2023-09-18', '54174.86', '4919.34', '0'),
	('85', 'Antibióticos', '31', '2023-12-14', '2038-01-03', '68673.88', '3999.82', '0'),
	('86', 'Vitaminas', '40', '2023-06-26', '2029-06-22', '76937.78', '7123.14', '0'),
	('87', 'Analgésicos', '16', '2023-06-17', '2023-01-21', '72979.52', '8259.44', '0'),
	('88', 'Vitaminas', '25', '2023-02-14', '2034-08-02', '57507.15', '5932.65', '0'),
	('89', 'Antiinflamatorios', '35', '2022-12-02', '2035-03-25', '72323.47', '4776.71', '0'),
	('90', 'Antiparasitarios', '10', '2023-10-09', '2031-07-11', '43320.51', '5043.19', '0'),
	('91', 'Antiinflamatorios', '41', '2022-11-21', '2030-02-12', '18476.07', '4673.29', '0'),
	('92', 'Vitaminas', '26', '2023-11-18', '2037-12-02', '68389.97', '7214.38', '0'),
	('93', 'Analgésicos', '17', '2023-10-30', '2039-08-11', '69368.74', '9438.71', '0'),
	('94', 'Antiparasitarios', '45', '2023-06-14', '2027-01-07', '76761.79', '6379.5', '0'),
	('95', 'Antiparasitarios', '44', '2024-01-10', '2022-12-31', '47962.5', '5209.77', '0'),
	('96', 'Antiinflamatorios', '39', '2023-06-13', '2023-08-10', '66482.86', '9769.44', '0'),
	('97', 'Analgésicos', '50', '2024-06-07', '2023-05-23', '20544.57', '8843.72', '0'),
	('98', 'Vitaminas', '4', '2023-03-16', '2037-12-30', '34021.78', '5921.09', '0'),
	('99', 'Vitaminas', '22', '2024-08-17', '2027-02-26', '58802.34', '7895.71', '0'),
	('100', 'Antiinflamatorios', '10', '2022-09-01', '2029-06-02', '63802.01', '3516.58', '0'),
	('101', 'Antiparasitarios', '28', '2024-08-12', '2028-10-04', '61168.91', '2928.22', '0'),
	('102', 'Antiinflamatorios', '32', '2023-10-11', '2027-02-18', '48754.94', '9907.87', '0'),
	('103', 'Antiinflamatorios', '40', '2022-08-21', '2030-10-30', '18289.28', '2180.26', '0'),
	('104', 'Vitaminas', '19', '2022-12-19', '2038-09-22', '39516.59', '3059.46', '0'),
	('105', 'Analgésicos', '35', '2023-08-31', '2023-05-24', '79130.29', '5390.08', '0'),
	('106', 'Antiparasitarios', '7', '2023-09-13', '2027-01-28', '30603.84', '6206.27', '0'),
	('107', 'Antiparasitarios', '2', '2024-07-28', '2036-06-08', '10523.22', '3123.9', '0'),
	('108', 'Antiparasitarios', '21', '2024-06-01', '2033-03-07', '75443.3', '2383.47', '0'),
	('109', 'Analgésicos', '14', '2023-12-27', '2036-06-24', '47279.31', '1900.63', '0'),
	('110', 'Vitaminas', '41', '2023-12-16', '2027-10-14', '48373.34', '9813.8', '0'),
	('111', 'Antiinflamatorios', '43', '2023-07-29', '2035-11-15', '49462.66', '5516.47', '0'),
	('112', 'Antiparasitarios', '32', '2023-11-12', '2031-12-08', '37922.75', '1113.37', '0'),
	('113', 'Analgésicos', '7', '2024-01-21', '2037-03-02', '75233.42', '6188.65', '0'),
	('114', 'Analgésicos', '2', '2023-09-19', '2036-11-22', '53320.03', '1826.29', '0'),
	('115', 'Antiinflamatorios', '29', '2023-04-16', '2036-10-09', '28170.69', '2125.12', '0'),
	('116', 'Analgésicos', '28', '2024-07-18', '2033-03-23', '27883.99', '4971.98', '0'),
	('117', 'Vitaminas', '2', '2022-11-12', '2034-10-27', '17194.73', '7481.61', '0'),
	('118', 'Antiinflamatorios', '5', '2024-08-09', '2025-07-09', '14870.02', '5937.56', '0'),
	('119', 'Antibióticos', '13', '2022-08-30', '2027-06-04', '34859.78', '1187.18', '0'),
	('120', 'Vitaminas', '36', '2024-07-20', '2038-10-02', '8486.45', '6661.02', '0'),
	('121', 'Antiparasitarios', '4', '2023-12-02', '2032-11-28', '67547.0', '2343.94', '0'),
	('122', 'Antiparasitarios', '21', '2022-12-12', '2030-08-01', '56088.44', '4510.68', '0'),
	('123', 'Antiparasitarios', '39', '2024-05-10', '2034-04-07', '46903.27', '1356.45', '0'),
	('124', 'Antiparasitarios', '50', '2023-07-21', '2025-05-29', '27106.81', '6159.17', '0'),
	('125', 'Antiparasitarios', '34', '2024-04-04', '2033-11-10', '74378.63', '5757.5', '0'),
	('126', 'Antiparasitarios', '30', '2024-06-07', '2026-12-03', '26700.85', '2529.31', '0'),
	('127', 'Antiinflamatorios', '41', '2023-07-04', '2033-03-22', '71590.32', '5490.59', '0'),
	('128', 'Antiparasitarios', '49', '2024-05-17', '2024-03-20', '64410.16', '5332.31', '0'),
	('129', 'Analgésicos', '19', '2024-06-16', '2037-04-27', '45894.35', '2789.61', '0'),
	('130', 'Antiinflamatorios', '19', '2024-08-09', '2028-10-22', '79392.43', '7928.38', '0'),
	('131', 'Antiparasitarios', '30', '2024-03-07', '2036-07-19', '67729.85', '4784.14', '0'),
	('132', 'Antiinflamatorios', '29', '2023-06-21', '2023-07-04', '53247.74', '8776.13', '0'),
	('133', 'Antiparasitarios', '27', '2024-07-15', '2037-02-14', '28093.07', '7932.06', '0'),
	('134', 'Antiparasitarios', '34', '2024-01-08', '2029-03-07', '51069.78', '2518.37', '0'),
	('135', 'Antiinflamatorios', '37', '2022-12-12', '2038-04-01', '27618.75', '4862.7', '0'),
	('136', 'Antiparasitarios', '45', '2023-10-21', '2026-02-01', '8061.53', '1347.23', '0'),
	('137', 'Antiparasitarios', '18', '2024-06-20', '2033-01-20', '79195.99', '8816.04', '0'),
	('138', 'Analgésicos', '4', '2022-11-02', '2034-02-06', '25461.36', '3842.37', '0'),
	('139', 'Antibióticos', '50', '2023-10-24', '2025-10-06', '72183.23', '1623.91', '0'),
	('140', 'Antiparasitarios', '50', '2024-01-08', '2039-09-19', '21404.44', '2898.69', '0'),
	('141', 'Antiinflamatorios', '31', '2022-10-13', '2038-12-14', '34703.65', '4382.14', '0'),
	('142', 'Antiparasitarios', '47', '2024-03-15', '2031-06-04', '20334.7', '5735.85', '0'),
	('143', 'Antiparasitarios', '3', '2022-09-23', '2023-07-08', '59272.55', '4374.71', '0'),
	('144', 'Antiinflamatorios', '36', '2024-03-12', '2030-07-06', '23712.33', '3688.43', '0'),
	('145', 'Analgésicos', '19', '2023-02-15', '2032-05-05', '49157.51', '5806.8', '0'),
	('146', 'Vitaminas', '24', '2024-04-17', '2035-06-04', '36180.0', '7636.19', '0'),
	('147', 'Antiparasitarios', '14', '2023-05-05', '2040-01-22', '28923.17', '8820.44', '0'),
	('148', 'Analgésicos', '47', '2023-12-06', '2022-12-27', '25602.29', '7569.77', '0'),
	('149', 'Antibióticos', '33', '2023-08-04', '2037-07-24', '51760.27', '5337.94', '0'),
	('150', 'Antibióticos', '25', '2022-08-19', '2035-11-27', '61325.3', '1523.35', '0'),
	('151', 'Antiinflamatorios', '11', '2023-07-23', '2033-01-22', '40360.61', '9945.39', '0'),
	('152', 'Antiinflamatorios', '29', '2023-03-15', '2035-08-17', '67653.84', '6238.12', '0'),
	('153', 'Antiparasitarios', '20', '2023-08-31', '2036-12-09', '18720.56', '9760.15', '0'),
	('154', 'Antiparasitarios', '38', '2022-12-07', '2030-04-30', '19082.35', '3705.16', '0'),
	('155', 'Analgésicos', '25', '2022-09-02', '2036-06-21', '73167.86', '5687.4', '0'),
	('156', 'Antiinflamatorios', '19', '2023-11-28', '2034-08-30', '71676.19', '9354.96', '0'),
	('157', 'Analgésicos', '27', '2024-06-15', '2026-08-30', '59342.82', '2660.98', '0'),
	('158', 'Analgésicos', '5', '2024-06-08', '2028-11-25', '44471.59', '9821.26', '0'),
	('159', 'Antibióticos', '11', '2024-05-20', '2027-07-29', '58243.79', '6780.31', '0'),
	('160', 'Analgésicos', '42', '2024-04-02', '2026-05-20', '21169.59', '8622.22', '0'),
	('161', 'Antibióticos', '8', '2023-10-30', '2032-11-26', '73146.85', '6375.99', '0'),
	('162', 'Antiparasitarios', '1', '2022-11-06', '2030-10-26', '66004.78', '4927.63', '0'),
	('163', 'Vitaminas', '3', '2024-04-11', '2025-09-09', '31274.28', '7340.19', '0'),
	('164', 'Antiinflamatorios', '40', '2024-05-22', '2026-12-17', '44966.56', '6110.03', '0'),
	('165', 'Vitaminas', '1', '2024-08-04', '2025-08-02', '60496.23', '2857.66', '0'),
	('166', 'Vitaminas', '24', '2023-03-13', '2028-02-26', '61065.92', '8396.68', '0'),
	('167', 'Antiinflamatorios', '40', '2024-06-17', '2032-02-21', '37148.12', '1936.63', '0'),
	('168', 'Antiinflamatorios', '34', '2023-01-19', '2034-03-21', '66252.36', '4422.2', '0'),
	('169', 'Antiparasitarios', '17', '2024-04-16', '2027-07-30', '48468.95', '8771.97', '0'),
	('170', 'Antibióticos', '32', '2023-02-18', '2023-08-25', '27247.35', '8704.72', '0'),
	('171', 'Analgésicos', '48', '2023-08-20', '2027-12-24', '67205.48', '5964.05', '0'),
	('172', 'Antibióticos', '36', '2023-03-22', '2028-09-24', '9384.5', '2415.69', '0'),
	('173', 'Antiparasitarios', '43', '2024-06-03', '2024-06-18', '53783.67', '2527.2', '0'),
	('174', 'Vitaminas', '8', '2024-03-05', '2040-02-21', '41169.51', '2584.8', '0'),
	('175', 'Vitaminas', '29', '2023-10-18', '2025-11-12', '32791.13', '3795.04', '0'),
	('176', 'Analgésicos', '21', '2024-06-17', '2028-12-09', '26679.38', '3917.15', '0'),
	('177', 'Antiparasitarios', '15', '2024-04-21', '2040-05-05', '19424.8', '8951.82', '0'),
	('178', 'Antiinflamatorios', '7', '2023-06-27', '2023-12-01', '8588.74', '1168.81', '0'),
	('179', 'Antibióticos', '45', '2022-11-12', '2025-10-25', '37350.67', '9698.73', '0'),
	('180', 'Analgésicos', '3', '2024-08-02', '2034-10-25', '10670.76', '4648.43', '0'),
	('181', 'Antiinflamatorios', '11', '2024-04-25', '2022-09-27', '74963.04', '6130.43', '0'),
	('182', 'Vitaminas', '46', '2024-02-11', '2025-02-04', '55519.52', '5002.43', '0'),
	('183', 'Vitaminas', '28', '2023-12-20', '2037-04-23', '55933.85', '2760.33', '0'),
	('184', 'Antiparasitarios', '24', '2023-07-16', '2037-10-12', '69203.28', '2259.27', '0'),
	('185', 'Antiinflamatorios', '4', '2024-07-17', '2023-10-18', '69685.06', '4252.5', '0'),
	('186', 'Vitaminas', '29', '2023-11-20', '2039-03-03', '59486.9', '8273.7', '0'),
	('187', 'Antiinflamatorios', '18', '2022-08-22', '2037-09-15', '47815.57', '4552.53', '0'),
	('188', 'Antibióticos', '36', '2024-04-27', '2026-02-26', '8831.08', '3026.27', '0'),
	('189', 'Vitaminas', '40', '2023-12-05', '2033-05-08', '41422.29', '7862.81', '0'),
	('190', 'Vitaminas', '20', '2023-05-11', '2034-01-28', '79167.82', '9666.1', '0'),
	('191', 'Analgésicos', '22', '2023-01-16', '2027-10-10', '49672.48', '3127.3', '0'),
	('192', 'Antiparasitarios', '5', '2023-07-23', '2030-10-26', '23432.03', '8661.44', '0'),
	('193', 'Antiparasitarios', '41', '2023-10-30', '2029-03-23', '52414.74', '2870.38', '0'),
	('194', 'Antiparasitarios', '48', '2023-08-02', '2023-12-06', '64039.88', '2064.32', '0'),
	('195', 'Antibióticos', '20', '2023-02-13', '2023-01-21', '14327.49', '3046.79', '0'),
	('196', 'Antiinflamatorios', '12', '2024-06-20', '2036-05-07', '37346.65', '8990.08', '0'),
	('197', 'Antibióticos', '41', '2023-01-25', '2034-06-29', '6968.49', '8257.65', '0'),
	('198', 'Antiinflamatorios', '28', '2022-08-21', '2032-08-06', '59709.33', '8504.28', '0'),
	('199', 'Analgésicos', '25', '2023-12-10', '2030-07-31', '59502.64', '6977.3', '0'),
	('200', 'Antiparasitarios', '14', '2022-10-16', '2031-07-26', '56787.59', '7148.48', '0'),
	('201', 'Antibióticos', '24', '2022-09-11', '2030-10-12', '19209.17', '9738.16', '0'),
	('202', 'Analgésicos', '28', '2023-11-06', '2040-02-14', '76211.33', '6128.16', '0'),
	('203', 'Antiinflamatorios', '41', '2022-12-23', '2032-11-11', '79632.3', '9672.39', '0'),
	('204', 'Antiparasitarios', '6', '2022-10-18', '2032-11-01', '61867.41', '1605.36', '0'),
	('205', 'Vitaminas', '31', '2023-01-20', '2024-10-29', '75025.42', '3572.41', '0'),
	('206', 'Analgésicos', '43', '2022-11-15', '2039-06-21', '68578.12', '4448.72', '0'),
	('207', 'Antibióticos', '38', '2024-03-03', '2032-06-26', '12605.5', '9494.49', '0'),
	('208', 'Antiinflamatorios', '49', '2024-03-30', '2035-06-28', '7825.42', '7179.01', '0'),
	('209', 'Analgésicos', '41', '2023-09-06', '2024-10-13', '68134.32', '2978.56', '0'),
	('210', 'Antiinflamatorios', '35', '2022-09-19', '2033-11-24', '75255.5', '3945.12', '0'),
	('211', 'Antiparasitarios', '1', '2023-12-22', '2032-01-20', '50142.53', '5365.29', '0'),
	('212', 'Analgésicos', '35', '2024-03-13', '2032-12-15', '65176.71', '2227.87', '0'),
	('213', 'Antiinflamatorios', '5', '2023-02-11', '2028-05-25', '8113.66', '7343.27', '0'),
	('214', 'Antibióticos', '35', '2023-07-03', '2025-05-28', '19924.47', '4816.95', '0'),
	('215', 'Analgésicos', '34', '2022-11-29', '2032-10-09', '18291.21', '5817.61', '0'),
	('216', 'Analgésicos', '9', '2022-08-27', '2035-09-15', '71425.76', '4220.31', '0'),
	('217', 'Antiinflamatorios', '47', '2024-06-04', '2036-03-15', '36593.83', '1133.4', '0'),
	('218', 'Vitaminas', '48', '2023-12-12', '2038-09-12', '42780.29', '1923.67', '0'),
	('219', 'Antibióticos', '8', '2023-05-13', '2023-12-19', '75182.69', '9905.37', '0'),
	('220', 'Vitaminas', '48', '2023-08-03', '2031-07-29', '75210.92', '8841.12', '0'),
	('221', 'Analgésicos', '30', '2023-10-07', '2024-10-29', '61833.5', '3056.53', '0'),
	('222', 'Antiparasitarios', '42', '2022-11-20', '2024-08-08', '23035.27', '2562.98', '0'),
	('223', 'Analgésicos', '10', '2022-09-22', '2037-06-18', '57634.6', '1547.76', '0'),
	('224', 'Antibióticos', '12', '2023-10-24', '2023-12-22', '43246.25', '6083.68', '0'),
	('225', 'Antibióticos', '1', '2023-03-30', '2026-11-16', '66218.84', '6598.76', '0'),
	('226', 'Analgésicos', '24', '2023-07-07', '2026-10-11', '16852.08', '9733.48', '0'),
	('227', 'Antibióticos', '35', '2023-04-12', '2034-07-07', '18597.0', '6243.28', '0'),
	('228', 'Antibióticos', '10', '2023-10-23', '2031-12-01', '36846.24', '2881.96', '0'),
	('229', 'Antiinflamatorios', '39', '2023-06-17', '2037-03-22', '71513.89', '8949.01', '0'),
	('230', 'Antiinflamatorios', '4', '2023-06-24', '2025-12-30', '77626.89', '3220.71', '0'),
	('231', 'Antibióticos', '7', '2023-09-05', '2032-12-15', '69624.15', '7989.82', '0'),
	('232', 'Antibióticos', '21', '2024-03-05', '2029-02-11', '36243.56', '4156.35', '0'),
	('233', 'Antibióticos', '26', '2023-11-06', '2033-08-27', '76806.02', '8960.01', '0'),
	('234', 'Antibióticos', '11', '2023-08-03', '2025-05-05', '62244.3', '4455.36', '0'),
	('235', 'Antibióticos', '35', '2023-08-20', '2035-07-15', '42060.47', '2918.64', '0'),
	('236', 'Antiparasitarios', '25', '2023-07-27', '2037-07-11', '67635.68', '9484.66', '0'),
	('237', 'Antiinflamatorios', '39', '2022-10-02', '2039-05-31', '11243.38', '1852.55', '0'),
	('238', 'Analgésicos', '35', '2022-12-30', '2029-03-12', '15991.52', '5946.33', '0'),
	('239', 'Antiparasitarios', '28', '2022-09-19', '2036-09-26', '32186.6', '9269.09', '0'),
	('240', 'Antiparasitarios', '36', '2023-01-05', '2038-02-17', '76817.14', '3016.39', '0'),
	('241', 'Vitaminas', '26', '2023-12-30', '2037-09-12', '48420.39', '1767.94', '0'),
	('242', 'Antiinflamatorios', '45', '2024-05-02', '2040-04-09', '7317.43', '6050.29', '0'),
	('243', 'Antiparasitarios', '12', '2024-05-02', '2032-03-17', '12136.26', '4114.8', '0'),
	('244', 'Antibióticos', '19', '2024-06-14', '2025-03-23', '67232.75', '4066.61', '0'),
	('245', 'Vitaminas', '24', '2023-07-06', '2025-11-12', '73498.88', '5429.37', '0'),
	('246', 'Antiparasitarios', '47', '2022-11-29', '2023-07-26', '43750.68', '7296.46', '0'),
	('247', 'Antibióticos', '20', '2023-08-16', '2035-12-15', '12776.41', '4918.12', '0'),
	('248', 'Analgésicos', '19', '2024-07-27', '2031-12-26', '75814.91', '8056.43', '0'),
	('249', 'Antiparasitarios', '39', '2023-08-19', '2027-09-20', '33129.05', '8708.03', '0'),
	('250', 'Analgésicos', '48', '2024-03-21', '2027-12-13', '6879.86', '2456.61', '0'),
	('251', 'Antibióticos', '6', '2022-12-15', '2026-08-26', '8568.69', '9137.27', '0'),
	('252', 'Antiparasitarios', '23', '2023-02-26', '2034-09-24', '42882.56', '7574.04', '0'),
	('253', 'Analgésicos', '12', '2023-05-27', '2027-10-05', '56142.74', '8215.4', '0'),
	('254', 'Vitaminas', '21', '2024-04-30', '2026-10-12', '54336.87', '2789.57', '0'),
	('255', 'Antiinflamatorios', '27', '2024-01-26', '2027-02-12', '26297.54', '8261.18', '0'),
	('256', 'Vitaminas', '21', '2022-10-02', '2026-08-15', '48614.73', '9836.72', '0'),
	('257', 'Analgésicos', '7', '2024-04-23', '2030-09-18', '45632.41', '3692.28', '0'),
	('258', 'Vitaminas', '23', '2024-06-14', '2035-07-28', '19093.16', '2852.9', '0'),
	('259', 'Vitaminas', '1', '2023-10-30', '2032-10-11', '28269.31', '7709.18', '0'),
	('260', 'Analgésicos', '24', '2023-11-03', '2039-04-21', '76853.3', '3950.11', '0'),
	('261', 'Antiparasitarios', '12', '2023-07-26', '2025-03-25', '23985.12', '9782.06', '0'),
	('262', 'Vitaminas', '25', '2022-10-10', '2031-01-07', '58163.73', '3610.43', '0'),
	('263', 'Antiinflamatorios', '9', '2023-02-14', '2034-12-29', '8385.48', '9693.15', '0'),
	('264', 'Antiinflamatorios', '23', '2024-01-29', '2039-06-25', '18268.42', '9502.48', '0'),
	('265', 'Antiparasitarios', '35', '2023-08-28', '2028-03-15', '60054.09', '9093.64', '0'),
	('266', 'Analgésicos', '10', '2024-01-03', '2032-02-03', '53213.68', '7248.27', '0'),
	('267', 'Analgésicos', '38', '2024-01-01', '2030-10-06', '22159.55', '3218.56', '0'),
	('268', 'Antibióticos', '47', '2024-05-11', '2024-02-25', '34208.43', '8100.46', '0'),
	('269', 'Antiparasitarios', '12', '2024-02-17', '2028-10-16', '75482.83', '6941.47', '0'),
	('270', 'Antiparasitarios', '1', '2023-08-29', '2023-08-19', '7845.26', '6103.53', '0'),
	('271', 'Antibióticos', '2', '2023-09-07', '2031-01-10', '26477.86', '5927.91', '0'),
	('272', 'Vitaminas', '35', '2024-05-24', '2034-12-11', '45906.09', '2466.55', '0'),
	('273', 'Antiparasitarios', '46', '2024-06-09', '2029-06-04', '35961.19', '6255.82', '0'),
	('274', 'Antiparasitarios', '44', '2023-04-19', '2024-01-06', '44705.64', '1646.05', '0'),
	('275', 'Analgésicos', '37', '2022-12-04', '2040-08-11', '77031.93', '6030.5', '0'),
	('276', 'Vitaminas', '26', '2024-02-27', '2025-07-21', '26556.21', '9563.29', '0'),
	('277', 'Vitaminas', '25', '2023-04-06', '2038-07-12', '17494.54', '3613.07', '0'),
	('278', 'Antiparasitarios', '18', '2023-12-15', '2036-07-03', '59902.0', '1878.38', '0'),
	('279', 'Antiparasitarios', '21', '2023-02-22', '2032-02-03', '63978.5', '8313.72', '0'),
	('280', 'Antiinflamatorios', '2', '2023-11-19', '2027-01-19', '67879.24', '5165.55', '0'),
	('281', 'Antibióticos', '8', '2023-05-04', '2024-10-09', '66399.48', '7353.87', '0'),
	('282', 'Vitaminas', '50', '2024-02-23', '2038-03-31', '61831.71', '7301.49', '0'),
	('283', 'Antibióticos', '6', '2022-11-12', '2037-03-24', '38046.21', '8058.26', '0'),
	('284', 'Antiinflamatorios', '49', '2024-04-26', '2037-04-14', '71048.14', '1829.65', '0'),
	('285', 'Antiinflamatorios', '8', '2024-07-12', '2025-07-09', '25800.39', '2475.11', '0'),
	('286', 'Analgésicos', '22', '2023-10-28', '2031-09-18', '65283.64', '4660.68', '0'),
	('287', 'Vitaminas', '43', '2022-12-15', '2023-10-20', '55119.91', '3682.89', '0'),
	('288', 'Antiparasitarios', '50', '2022-11-21', '2031-11-08', '24426.51', '2861.91', '0'),
	('289', 'Analgésicos', '25', '2024-03-19', '2026-06-08', '34837.9', '4588.21', '0'),
	('290', 'Analgésicos', '50', '2024-05-21', '2027-04-04', '35138.77', '1110.39', '0'),
	('291', 'Antibióticos', '10', '2022-09-04', '2026-03-25', '7282.09', '8686.99', '0'),
	('292', 'Vitaminas', '33', '2023-08-18', '2039-04-16', '23421.03', '4840.19', '0'),
	('293', 'Antibióticos', '36', '2023-04-03', '2028-11-18', '27643.63', '9331.92', '0'),
	('294', 'Analgésicos', '24', '2023-08-29', '2035-09-12', '58684.08', '9021.16', '0'),
	('295', 'Antibióticos', '19', '2023-08-05', '2022-12-27', '74613.74', '5046.61', '0'),
	('296', 'Antiinflamatorios', '24', '2023-11-11', '2039-10-27', '47733.34', '3792.32', '0'),
	('297', 'Antiinflamatorios', '14', '2023-05-09', '2032-10-30', '78343.37', '7450.01', '0'),
	('298', 'Vitaminas', '26', '2023-06-19', '2039-01-30', '7513.04', '4987.24', '0'),
	('299', 'Vitaminas', '12', '2024-06-21', '2024-12-06', '55197.69', '2522.83', '0'),
	('300', 'Antiparasitarios', '12', '2023-08-04', '2036-12-29', '44497.57', '9637.67', '0'),
	('301', 'Antiinflamatorios', '38', '2022-11-27', '2028-02-05', '69674.69', '4817.72', '0'),
	('302', 'Antiparasitarios', '11', '2023-06-04', '2038-04-15', '11838.44', '2007.61', '0'),
	('303', 'Analgésicos', '9', '2023-08-12', '2033-06-07', '7850.3', '8004.88', '0'),
	('304', 'Antiinflamatorios', '9', '2024-07-06', '2027-03-25', '16261.83', '4304.08', '0'),
	('305', 'Vitaminas', '37', '2024-04-06', '2031-12-04', '61264.3', '8639.39', '0'),
	('306', 'Analgésicos', '28', '2023-08-07', '2035-01-15', '60493.26', '5761.93', '0'),
	('307', 'Vitaminas', '10', '2023-10-16', '2025-11-16', '72697.28', '1884.94', '0'),
	('308', 'Antibióticos', '27', '2023-02-27', '2035-11-21', '24493.8', '3487.97', '0'),
	('309', 'Vitaminas', '47', '2024-02-28', '2039-04-18', '65439.43', '3181.91', '0'),
	('310', 'Antiinflamatorios', '45', '2023-01-15', '2032-10-16', '70904.56', '9594.82', '0'),
	('311', 'Antiinflamatorios', '28', '2023-10-31', '2034-06-08', '11037.84', '8588.18', '0'),
	('312', 'Analgésicos', '42', '2023-10-29', '2039-01-13', '10900.18', '2879.93', '0'),
	('313', 'Analgésicos', '13', '2023-10-14', '2032-04-15', '9541.31', '9643.81', '0'),
	('314', 'Analgésicos', '7', '2023-05-27', '2040-01-20', '64714.86', '1535.24', '0'),
	('315', 'Analgésicos', '2', '2023-12-07', '2039-04-07', '26933.07', '8202.61', '0'),
	('316', 'Vitaminas', '5', '2023-07-06', '2024-11-24', '59732.48', '5838.17', '0'),
	('317', 'Antiparasitarios', '23', '2022-10-31', '2039-04-10', '35551.0', '3070.13', '0'),
	('318', 'Analgésicos', '39', '2023-12-31', '2034-01-30', '46863.34', '2516.96', '0'),
	('319', 'Antiparasitarios', '41', '2023-04-02', '2023-06-16', '18293.07', '5768.85', '0'),
	('320', 'Antibióticos', '36', '2023-03-04', '2032-08-30', '54029.85', '7994.09', '0'),
	('321', 'Vitaminas', '40', '2022-10-15', '2037-08-17', '65414.59', '1482.89', '0'),
	('322', 'Antiinflamatorios', '35', '2023-11-28', '2026-03-24', '14825.84', '8116.03', '0'),
	('323', 'Antibióticos', '5', '2022-09-25', '2033-12-14', '19923.77', '1674.63', '0'),
	('324', 'Antibióticos', '3', '2023-01-23', '2028-08-14', '45225.29', '7246.82', '0'),
	('325', 'Vitaminas', '23', '2024-01-17', '2027-06-20', '20614.53', '8602.5', '0'),
	('326', 'Analgésicos', '26', '2024-04-09', '2036-10-13', '43539.99', '9765.01', '0'),
	('327', 'Analgésicos', '12', '2024-02-04', '2024-11-22', '56661.04', '8814.31', '0'),
	('328', 'Antiparasitarios', '28', '2024-02-20', '2026-05-29', '74157.46', '5122.36', '0'),
	('329', 'Antiinflamatorios', '16', '2023-08-20', '2035-09-10', '47672.91', '8678.33', '0'),
	('330', 'Antiparasitarios', '31', '2024-06-08', '2036-01-06', '43428.24', '7195.08', '0'),
	('331', 'Antibióticos', '21', '2023-03-06', '2036-04-05', '17273.94', '2264.03', '0'),
	('332', 'Antiparasitarios', '27', '2024-08-02', '2031-01-31', '54221.08', '8718.37', '0'),
	('333', 'Antiinflamatorios', '22', '2024-01-31', '2030-07-19', '17627.18', '4941.89', '0'),
	('334', 'Antiparasitarios', '25', '2023-02-15', '2026-12-04', '20742.01', '4790.55', '0'),
	('335', 'Antiinflamatorios', '22', '2023-07-06', '2026-07-06', '66040.53', '8559.3', '0'),
	('336', 'Antiinflamatorios', '29', '2024-01-01', '2023-10-18', '74553.05', '5757.82', '0'),
	('337', 'Vitaminas', '47', '2024-05-30', '2035-11-01', '19305.49', '8528.03', '0'),
	('338', 'Antiinflamatorios', '40', '2023-03-09', '2036-11-03', '79056.86', '3521.72', '0'),
	('339', 'Antibióticos', '19', '2022-09-06', '2038-02-22', '31306.99', '7489.49', '0'),
	('340', 'Antiparasitarios', '46', '2023-01-05', '2035-03-23', '69100.21', '5689.48', '0'),
	('341', 'Antiinflamatorios', '24', '2023-11-27', '2030-06-03', '8658.59', '2597.73', '0'),
	('342', 'Antibióticos', '41', '2023-10-18', '2024-01-11', '70865.13', '9005.42', '0'),
	('343', 'Vitaminas', '14', '2024-04-10', '2037-05-09', '18468.67', '8797.15', '0'),
	('344', 'Antiinflamatorios', '43', '2023-11-22', '2025-01-27', '50215.99', '9195.86', '0'),
	('345', 'Analgésicos', '16', '2023-08-11', '2030-04-21', '77259.13', '6207.54', '0'),
	('346', 'Antiinflamatorios', '47', '2023-07-04', '2028-09-09', '66208.24', '9022.69', '0'),
	('347', 'Antibióticos', '3', '2023-11-06', '2028-03-07', '17757.93', '2203.33', '0'),
	('348', 'Antiinflamatorios', '35', '2024-02-06', '2024-06-22', '51562.41', '5997.07', '0'),
	('349', 'Antiparasitarios', '32', '2024-04-09', '2040-03-27', '73361.45', '5534.05', '0'),
	('350', 'Antibióticos', '24', '2024-02-18', '2026-08-18', '26794.31', '8778.84', '0'),
	('351', 'Vitaminas', '33', '2023-03-14', '2027-06-28', '13488.7', '3346.51', '0'),
	('352', 'Antiparasitarios', '17', '2024-01-16', '2026-10-29', '32193.41', '9469.81', '0'),
	('353', 'Antiinflamatorios', '41', '2022-08-31', '2028-03-25', '44893.72', '2340.46', '0'),
	('354', 'Vitaminas', '18', '2023-01-14', '2032-04-04', '16582.45', '4664.89', '0'),
	('355', 'Antiparasitarios', '6', '2023-03-23', '2035-10-27', '9668.67', '8939.88', '0'),
	('356', 'Antibióticos', '6', '2022-10-21', '2031-04-17', '35480.53', '6887.51', '0'),
	('357', 'Antibióticos', '28', '2023-06-02', '2023-01-01', '65090.59', '6471.88', '0'),
	('358', 'Antiparasitarios', '34', '2023-07-08', '2034-02-09', '29843.47', '3243.75', '0'),
	('359', 'Vitaminas', '19', '2022-09-03', '2035-01-13', '24267.83', '4265.75', '0'),
	('360', 'Analgésicos', '24', '2024-03-07', '2032-10-30', '24944.22', '9328.4', '0'),
	('361', 'Analgésicos', '38', '2023-11-26', '2039-09-27', '16775.1', '4929.54', '0'),
	('362', 'Analgésicos', '9', '2024-04-21', '2026-03-02', '27774.57', '5015.56', '0'),
	('363', 'Analgésicos', '43', '2023-02-20', '2024-07-12', '57033.45', '9905.51', '0'),
	('364', 'Vitaminas', '1', '2023-12-25', '2028-03-08', '56677.46', '4773.97', '0'),
	('365', 'Vitaminas', '37', '2022-12-03', '2039-08-15', '72456.37', '4448.31', '0'),
	('366', 'Vitaminas', '32', '2023-05-28', '2030-11-23', '25966.03', '9707.94', '0'),
	('367', 'Antibióticos', '16', '2023-10-14', '2032-12-21', '38237.41', '7160.61', '0'),
	('368', 'Vitaminas', '35', '2024-08-01', '2026-11-06', '56490.78', '5060.76', '0'),
	('369', 'Analgésicos', '39', '2023-08-16', '2028-12-01', '77520.33', '1432.07', '0'),
	('370', 'Analgésicos', '45', '2024-01-30', '2036-09-15', '24058.7', '5434.3', '0'),
	('371', 'Analgésicos', '8', '2024-04-08', '2033-11-24', '36529.55', '6879.48', '0'),
	('372', 'Antiparasitarios', '36', '2023-11-05', '2027-07-18', '51293.8', '7930.34', '0'),
	('373', 'Vitaminas', '21', '2023-11-11', '2037-04-22', '52057.19', '8656.58', '0'),
	('374', 'Analgésicos', '49', '2023-09-17', '2035-11-12', '23454.08', '6246.43', '0'),
	('375', 'Analgésicos', '24', '2023-08-01', '2035-06-05', '63559.33', '8889.3', '0'),
	('376', 'Antibióticos', '16', '2024-01-03', '2033-09-28', '29146.48', '9068.22', '0'),
	('377', 'Antibióticos', '47', '2024-03-31', '2037-01-09', '31364.56', '2590.74', '0'),
	('378', 'Antibióticos', '45', '2024-08-16', '2037-04-22', '50202.04', '3340.98', '0'),
	('379', 'Antiinflamatorios', '50', '2023-04-23', '2026-08-04', '6500.25', '7636.71', '0'),
	('380', 'Antiinflamatorios', '47', '2023-08-12', '2032-11-12', '47500.19', '1181.14', '0'),
	('381', 'Antiinflamatorios', '50', '2023-11-02', '2032-01-24', '20727.65', '1753.5', '0'),
	('382', 'Antibióticos', '13', '2024-01-12', '2023-10-07', '23513.72', '4587.41', '0'),
	('383', 'Antibióticos', '8', '2024-04-29', '2033-05-24', '61683.84', '3599.66', '0'),
	('384', 'Antibióticos', '36', '2023-03-11', '2023-08-04', '30466.01', '4019.76', '0'),
	('385', 'Antibióticos', '45', '2022-12-04', '2031-03-21', '62631.12', '3354.53', '0'),
	('386', 'Analgésicos', '5', '2024-02-21', '2027-09-27', '53789.83', '8980.46', '0'),
	('387', 'Analgésicos', '30', '2022-09-02', '2037-07-12', '43383.66', '8640.56', '0'),
	('388', 'Antiinflamatorios', '25', '2022-11-11', '2023-11-24', '52690.16', '1199.81', '0'),
	('389', 'Antiparasitarios', '11', '2023-07-13', '2033-08-20', '46137.62', '8578.02', '0'),
	('390', 'Antibióticos', '47', '2023-02-08', '2032-07-24', '24169.54', '5008.48', '0'),
	('391', 'Antiinflamatorios', '39', '2023-09-22', '2035-08-13', '78118.11', '4074.62', '0'),
	('392', 'Analgésicos', '31', '2023-01-31', '2025-06-13', '29646.86', '3520.53', '0'),
	('393', 'Analgésicos', '41', '2023-06-24', '2031-10-31', '51809.16', '3533.79', '0'),
	('394', 'Analgésicos', '42', '2023-06-02', '2036-10-02', '16679.39', '1025.22', '0'),
	('395', 'Antiinflamatorios', '26', '2023-07-11', '2028-12-25', '30098.45', '2514.62', '0'),
	('396', 'Antibióticos', '21', '2023-10-28', '2025-03-06', '69512.9', '7945.55', '0'),
	('397', 'Antiinflamatorios', '25', '2023-02-23', '2026-08-15', '79794.79', '1844.15', '0'),
	('398', 'Vitaminas', '30', '2023-11-08', '2040-07-27', '46587.34', '1413.04', '0'),
	('399', 'Antiparasitarios', '8', '2024-02-15', '2030-10-28', '53996.26', '7992.7', '0'),
	('400', 'Analgésicos', '49', '2023-01-13', '2030-06-04', '41617.71', '6977.35', '0'),
	('401', 'Antiparasitarios', '33', '2024-05-29', '2033-12-03', '6748.88', '3580.41', '0'),
	('402', 'Antibióticos', '29', '2024-08-13', '2032-11-27', '40204.33', '3755.51', '0'),
	('403', 'Antibióticos', '36', '2023-06-19', '2032-07-10', '54874.73', '2731.17', '0'),
	('404', 'Antiinflamatorios', '2', '2023-07-15', '2027-02-11', '6074.85', '1910.36', '0'),
	('405', 'Antiparasitarios', '10', '2024-04-06', '2022-09-11', '55988.74', '4189.49', '0'),
	('406', 'Antibióticos', '8', '2023-07-15', '2038-03-17', '24005.4', '2669.85', '0'),
	('407', 'Analgésicos', '45', '2024-01-11', '2030-07-22', '20131.64', '4247.82', '0'),
	('408', 'Antibióticos', '42', '2024-02-22', '2034-07-07', '74788.02', '4675.28', '0'),
	('409', 'Antiparasitarios', '17', '2023-08-20', '2030-08-02', '21053.55', '1940.4', '0'),
	('410', 'Vitaminas', '5', '2024-06-21', '2040-01-12', '46782.32', '9845.93', '0'),
	('411', 'Vitaminas', '15', '2022-12-26', '2036-08-22', '68406.79', '7909.94', '0'),
	('412', 'Vitaminas', '3', '2024-03-03', '2028-06-16', '38852.87', '4295.62', '0'),
	('413', 'Antiparasitarios', '27', '2022-12-07', '2028-10-11', '36030.72', '4036.86', '0'),
	('414', 'Vitaminas', '30', '2024-03-02', '2034-01-12', '70662.98', '5251.38', '0'),
	('415', 'Vitaminas', '38', '2024-06-21', '2036-11-25', '51245.04', '6105.07', '0'),
	('416', 'Vitaminas', '14', '2023-04-21', '2026-12-05', '56427.68', '7047.69', '0'),
	('417', 'Antiparasitarios', '37', '2022-12-27', '2034-04-06', '69554.7', '1604.14', '0'),
	('418', 'Analgésicos', '3', '2023-12-07', '2032-11-19', '64934.59', '4115.8', '0'),
	('419', 'Antiparasitarios', '3', '2023-11-12', '2026-10-30', '32480.52', '9167.74', '0'),
	('420', 'Analgésicos', '50', '2022-10-05', '2023-03-11', '8346.49', '7711.83', '0'),
	('421', 'Antiparasitarios', '16', '2023-05-16', '2025-05-26', '49178.93', '3829.95', '0'),
	('422', 'Analgésicos', '46', '2023-04-28', '2039-05-31', '60665.55', '5460.11', '0'),
	('423', 'Vitaminas', '30', '2023-08-11', '2038-08-16', '21982.31', '9975.31', '0'),
	('424', 'Antiparasitarios', '27', '2022-12-13', '2027-08-08', '6502.1', '3075.1', '0'),
	('425', 'Analgésicos', '3', '2023-09-14', '2039-08-26', '33555.32', '2556.84', '0'),
	('426', 'Antibióticos', '18', '2024-04-26', '2030-02-28', '56685.78', '8075.74', '0'),
	('427', 'Antibióticos', '26', '2023-07-08', '2027-11-30', '46601.83', '8783.26', '0'),
	('428', 'Antiparasitarios', '24', '2023-12-18', '2034-09-27', '37019.96', '6576.0', '0'),
	('429', 'Antibióticos', '36', '2023-02-22', '2026-10-30', '36573.72', '1697.17', '0'),
	('430', 'Antiparasitarios', '6', '2023-06-25', '2024-03-02', '69882.77', '5852.9', '0'),
	('431', 'Antiinflamatorios', '24', '2023-03-09', '2026-06-02', '33658.13', '6717.17', '0'),
	('432', 'Antiparasitarios', '37', '2023-10-20', '2031-02-13', '55133.45', '3658.73', '0'),
	('433', 'Antiinflamatorios', '30', '2023-12-02', '2037-10-03', '27672.58', '3916.89', '0'),
	('434', 'Vitaminas', '25', '2023-08-25', '2030-09-13', '65676.34', '5230.54', '0'),
	('435', 'Antibióticos', '25', '2022-12-21', '2025-03-25', '42208.98', '4308.5', '0'),
	('436', 'Antiparasitarios', '37', '2024-01-20', '2029-04-28', '47992.32', '6685.22', '0'),
	('437', 'Vitaminas', '27', '2024-08-15', '2035-06-12', '72407.75', '8181.22', '0'),
	('438', 'Vitaminas', '35', '2023-04-21', '2023-10-05', '68413.28', '2471.5', '0'),
	('439', 'Vitaminas', '34', '2024-03-20', '2038-05-24', '39329.61', '6794.22', '0'),
	('440', 'Vitaminas', '32', '2024-03-16', '2038-10-11', '26460.26', '3349.55', '0'),
	('441', 'Analgésicos', '39', '2024-05-01', '2037-04-20', '36975.17', '7635.41', '0'),
	('442', 'Antibióticos', '36', '2023-10-25', '2036-09-08', '61438.79', '4632.45', '0'),
	('443', 'Antibióticos', '4', '2023-12-27', '2029-01-28', '76509.44', '5597.02', '0'),
	('444', 'Antiparasitarios', '11', '2023-03-14', '2038-05-23', '47739.21', '2707.66', '0'),
	('445', 'Antiinflamatorios', '28', '2023-08-03', '2030-04-10', '33561.36', '5421.04', '0'),
	('446', 'Analgésicos', '38', '2022-12-22', '2028-03-26', '65177.75', '4041.77', '0'),
	('447', 'Analgésicos', '27', '2023-10-25', '2032-06-26', '52333.54', '2377.97', '0'),
	('448', 'Analgésicos', '35', '2023-08-06', '2029-03-13', '53349.9', '6737.63', '0'),
	('449', 'Vitaminas', '37', '2023-10-06', '2024-05-30', '51993.06', '3413.31', '0'),
	('450', 'Antibióticos', '7', '2024-06-23', '2022-11-26', '72331.45', '6442.73', '0'),
	('451', 'Antiparasitarios', '20', '2024-06-18', '2039-09-01', '60486.92', '6101.08', '0'),
	('452', 'Antiinflamatorios', '41', '2023-08-19', '2032-04-16', '9555.3', '3982.92', '0'),
	('453', 'Antibióticos', '34', '2023-05-20', '2028-04-13', '43944.21', '3641.52', '0'),
	('454', 'Analgésicos', '46', '2023-11-16', '2034-09-19', '10004.76', '2589.95', '0'),
	('455', 'Antiinflamatorios', '18', '2022-12-13', '2038-08-21', '38877.68', '4846.42', '0'),
	('456', 'Antibióticos', '13', '2024-03-24', '2033-04-21', '50480.27', '1260.03', '0'),
	('457', 'Antiparasitarios', '20', '2024-04-24', '2024-10-08', '65951.27', '2908.86', '0'),
	('458', 'Vitaminas', '1', '2022-11-14', '2022-12-24', '48152.27', '6343.8', '0'),
	('459', 'Antibióticos', '45', '2023-08-26', '2037-07-11', '46325.07', '3800.07', '0'),
	('460', 'Analgésicos', '5', '2024-07-31', '2029-08-03', '68796.25', '3690.36', '0'),
	('461', 'Vitaminas', '7', '2023-02-24', '2037-01-03', '13846.9', '1021.57', '0'),
	('462', 'Antiparasitarios', '30', '2023-08-16', '2027-12-18', '68495.26', '6383.62', '0'),
	('463', 'Antiinflamatorios', '3', '2024-07-17', '2026-01-28', '55435.28', '5697.22', '0'),
	('464', 'Vitaminas', '6', '2024-03-13', '2040-03-23', '5986.3', '1272.46', '0'),
	('465', 'Vitaminas', '41', '2023-01-03', '2023-04-11', '52495.53', '6663.4', '0'),
	('466', 'Antibióticos', '9', '2024-03-16', '2038-10-26', '56935.18', '6232.57', '0'),
	('467', 'Antiinflamatorios', '34', '2024-03-01', '2029-12-16', '19109.97', '7035.15', '0'),
	('468', 'Antiparasitarios', '48', '2023-06-16', '2023-05-26', '64435.63', '1756.25', '0'),
	('469', 'Antibióticos', '6', '2022-09-02', '2032-12-16', '34977.29', '2973.85', '0'),
	('470', 'Antibióticos', '19', '2022-10-05', '2024-06-29', '30019.55', '4297.46', '0'),
	('471', 'Analgésicos', '17', '2023-05-31', '2040-06-15', '41954.23', '4070.85', '0'),
	('472', 'Antiparasitarios', '41', '2023-02-04', '2033-03-16', '75878.63', '7892.64', '0'),
	('473', 'Vitaminas', '35', '2024-03-19', '2036-09-08', '39244.48', '2343.93', '0'),
	('474', 'Vitaminas', '21', '2023-01-12', '2033-08-28', '8010.25', '2005.86', '0'),
	('475', 'Antibióticos', '46', '2023-05-20', '2024-10-26', '20084.24', '5708.9', '0'),
	('476', 'Analgésicos', '27', '2024-02-25', '2033-09-17', '25887.62', '3920.7', '0'),
	('477', 'Antiinflamatorios', '22', '2023-04-17', '2025-10-19', '72635.05', '9572.29', '0'),
	('478', 'Antibióticos', '3', '2023-10-31', '2026-04-10', '47649.23', '8363.63', '0'),
	('479', 'Vitaminas', '47', '2023-03-15', '2024-08-29', '65935.84', '6672.98', '0'),
	('480', 'Antibióticos', '38', '2023-08-14', '2024-01-31', '14272.99', '4693.13', '0'),
	('481', 'Antiinflamatorios', '28', '2023-12-22', '2038-05-06', '78519.71', '4987.41', '0'),
	('482', 'Vitaminas', '5', '2022-09-26', '2024-01-10', '17443.21', '9655.1', '0'),
	('483', 'Analgésicos', '36', '2022-10-25', '2032-02-07', '34245.71', '5264.57', '0'),
	('484', 'Vitaminas', '19', '2024-05-05', '2026-01-18', '38456.77', '1683.02', '0'),
	('485', 'Antibióticos', '22', '2022-08-26', '2033-01-02', '26878.45', '3423.44', '0'),
	('486', 'Vitaminas', '50', '2023-09-17', '2038-01-24', '11298.43', '6905.94', '0'),
	('487', 'Antiparasitarios', '41', '2023-04-03', '2024-03-28', '11845.45', '6586.95', '0'),
	('488', 'Antiinflamatorios', '20', '2024-01-31', '2023-03-28', '49365.28', '2019.51', '0'),
	('489', 'Antiinflamatorios', '47', '2024-01-19', '2022-11-14', '76819.18', '6888.24', '0'),
	('490', 'Antiparasitarios', '39', '2023-10-24', '2031-04-16', '42372.33', '5749.22', '0'),
	('491', 'Antiinflamatorios', '16', '2023-06-14', '2025-07-12', '50950.83', '3057.49', '0'),
	('492', 'Antiinflamatorios', '38', '2023-04-06', '2028-05-07', '71218.76', '3834.31', '0'),
	('493', 'Antiparasitarios', '5', '2024-03-08', '2035-01-17', '50776.73', '8371.07', '0'),
	('494', 'Vitaminas', '50', '2022-11-20', '2025-10-24', '22162.71', '6925.23', '0'),
	('495', 'Antiparasitarios', '27', '2024-06-07', '2024-02-16', '33323.07', '6535.33', '0'),
	('496', 'Analgésicos', '7', '2023-11-25', '2026-05-13', '22505.27', '8427.03', '0'),
	('497', 'Antiinflamatorios', '33', '2024-05-23', '2032-10-12', '72960.57', '3813.1', '0'),
	('498', 'Antibióticos', '2', '2024-01-07', '2034-12-27', '16527.35', '8086.27', '0'),
	('499', 'Vitaminas', '42', '2023-07-14', '2033-09-27', '9039.43', '4730.06', '0'),
	('500', 'Analgésicos', '48', '2023-10-14', '2031-01-13', '65611.27', '7523.33', '0');
    CREATE TABLE `responsable` 
(
    `id_responsable`	INT PRIMARY KEY,
    `id_empleado`	INT,
    `id_animal`	INT,
    `descripcion_responsabilidad`	VARCHAR(512),
    `rutina`	VARCHAR(512)
);
INSERT INTO `responsable` (`id_responsable`, `id_empleado`, `id_animal`, `descripcion_responsabilidad`, `rutina`) VALUES
	('1', '86', '144', 'Debe proporcionar alimento y agua adecuados', 'Paseo diario'),
	('2', '145', '227', 'Proporcionar atención veterinaria regular', 'Juego de pelota'),
	('3', '106', '56', 'Debe proporcionar alimento y agua adecuados', 'Caza de juguetes'),
	('4', '55', '126', 'Proporcionar atención veterinaria regular', 'Juego de pelota'),
	('5', '135', '194', 'Proporcionar atención veterinaria regular', 'Caza de juguetes'),
	('6', '87', '390', 'Debe proporcionar alimento y agua adecuados', 'Caza de juguetes'),
	('7', '81', '276', 'Mantener un entorno limpio y saludable', 'Caza de juguetes'),
	('8', '135', '466', 'Proporcionar ejercicio y estimulación mental', 'Paseo diario'),
	('9', '141', '18', 'Mantener un entorno limpio y saludable', 'Paseo diario'),
	('10', '7', '439', 'Debe proporcionar alimento y agua adecuados', 'Paseo diario'),
	('11', '100', '65', 'Debe proporcionar alimento y agua adecuados', 'Caza de juguetes'),
	('12', '66', '318', 'Proporcionar atención veterinaria regular', 'Caza de juguetes'),
	('13', '17', '360', 'Debe proporcionar alimento y agua adecuados', 'Juego de pelota'),
	('14', '38', '335', 'Proporcionar atención veterinaria regular', 'Caminata en el parque'),
	('15', '142', '143', 'Proporcionar ejercicio y estimulación mental', 'Juego de pelota'),
	('16', '143', '395', 'Mantener un entorno limpio y saludable', 'Juego de pelota'),
	('17', '50', '237', 'Proporcionar ejercicio y estimulación mental', 'Paseo diario'),
	('18', '136', '322', 'Proporcionar atención veterinaria regular', 'Caza de juguetes'),
	('19', '14', '296', 'Brindar un refugio seguro y cómodo', 'Juego de pelota'),
	('20', '107', '73', 'Mantener un entorno limpio y saludable', 'Caminata en el parque'),
	('21', '90', '180', 'Mantener un entorno limpio y saludable', 'Paseo diario'),
	('22', '144', '330', 'Proporcionar ejercicio y estimulación mental', 'Caminata en el parque'),
	('23', '73', '416', 'Proporcionar ejercicio y estimulación mental', 'Caza de juguetes'),
	('24', '24', '362', 'Mantener un entorno limpio y saludable', 'Entrenamiento de obediencia'),
	('25', '15', '91', 'Brindar un refugio seguro y cómodo', 'Caza de juguetes'),
	('26', '139', '1', 'Proporcionar ejercicio y estimulación mental', 'Caminata en el parque'),
	('27', '147', '274', 'Mantener un entorno limpio y saludable', 'Juego de pelota'),
	('28', '92', '264', 'Proporcionar atención veterinaria regular', 'Caza de juguetes'),
	('29', '58', '63', 'Debe proporcionar alimento y agua adecuados', 'Caza de juguetes'),
	('30', '107', '240', 'Mantener un entorno limpio y saludable', 'Caza de juguetes'),
	('31', '142', '429', 'Debe proporcionar alimento y agua adecuados', 'Caminata en el parque'),
	('32', '44', '293', 'Proporcionar ejercicio y estimulación mental', 'Juego de pelota'),
	('33', '21', '245', 'Brindar un refugio seguro y cómodo', 'Entrenamiento de obediencia'),
	('34', '146', '473', 'Proporcionar atención veterinaria regular', 'Caza de juguetes'),
	('35', '63', '54', 'Debe proporcionar alimento y agua adecuados', 'Caminata en el parque'),
	('36', '140', '486', 'Proporcionar atención veterinaria regular', 'Caza de juguetes'),
	('37', '9', '12', 'Brindar un refugio seguro y cómodo', 'Entrenamiento de obediencia'),
	('38', '106', '301', 'Proporcionar ejercicio y estimulación mental', 'Paseo diario'),
	('39', '33', '13', 'Debe proporcionar alimento y agua adecuados', 'Caminata en el parque'),
	('40', '60', '15', 'Debe proporcionar alimento y agua adecuados', 'Paseo diario'),
	('41', '102', '172', 'Mantener un entorno limpio y saludable', 'Caza de juguetes'),
	('42', '48', '162', 'Debe proporcionar alimento y agua adecuados', 'Caza de juguetes'),
	('43', '37', '386', 'Debe proporcionar alimento y agua adecuados', 'Caminata en el parque'),
	('44', '115', '312', 'Proporcionar ejercicio y estimulación mental', 'Juego de pelota'),
	('45', '89', '388', 'Proporcionar ejercicio y estimulación mental', 'Paseo diario'),
	('46', '21', '457', 'Mantener un entorno limpio y saludable', 'Caza de juguetes'),
	('47', '92', '182', 'Mantener un entorno limpio y saludable', 'Entrenamiento de obediencia'),
	('48', '67', '462', 'Mantener un entorno limpio y saludable', 'Entrenamiento de obediencia'),
	('49', '26', '262', 'Mantener un entorno limpio y saludable', 'Caza de juguetes'),
	('50', '126', '139', 'Proporcionar ejercicio y estimulación mental', 'Caminata en el parque'),
	('51', '73', '289', 'Proporcionar atención veterinaria regular', 'Paseo diario'),
	('52', '100', '209', 'Debe proporcionar alimento y agua adecuados', 'Entrenamiento de obediencia'),
	('53', '110', '132', 'Brindar un refugio seguro y cómodo', 'Juego de pelota'),
	('54', '68', '36', 'Brindar un refugio seguro y cómodo', 'Caza de juguetes'),
	('55', '98', '133', 'Mantener un entorno limpio y saludable', 'Caminata en el parque'),
	('56', '142', '487', 'Mantener un entorno limpio y saludable', 'Juego de pelota'),
	('57', '5', '21', 'Proporcionar ejercicio y estimulación mental', 'Juego de pelota'),
	('58', '22', '222', 'Proporcionar atención veterinaria regular', 'Entrenamiento de obediencia'),
	('59', '58', '396', 'Brindar un refugio seguro y cómodo', 'Juego de pelota'),
	('60', '114', '366', 'Brindar un refugio seguro y cómodo', 'Caza de juguetes');
    CREATE TABLE `tratamientos` 
(
    `id_tratamiento`	INT PRIMARY KEY,
    `id_animal`	INT,
    `id_medicamento`	INT,
    `fecha_inicio`	VARCHAR(512),
    `fecha_fin`	VARCHAR(512)
);
INSERT INTO `tratamientos` (`id_tratamiento`, `id_animal`, `id_medicamento`, `fecha_inicio`, `fecha_fin`) VALUES
	('1', '442', '465', '2022-08-19', '2023-05-29'),
	('2', '271', '380', '2022-08-19', '2022-12-25'),
	('3', '42', '65', '2022-08-19', '2022-09-22'),
	('4', '241', '157', '2022-08-19', '2023-04-01'),
	('5', '83', '67', '2022-08-19', '2022-11-10'),
	('6', '467', '465', '2022-08-19', '2023-02-06'),
	('7', '41', '344', '2022-08-19', '2023-01-23'),
	('8', '227', '440', '2022-08-19', '2023-01-27'),
	('9', '218', '490', '2022-08-19', '2023-04-05'),
	('10', '181', '348', '2022-08-19', '2023-04-06'),
	('11', '117', '148', '2022-08-19', '2023-07-09'),
	('12', '107', '468', '2022-08-19', '2022-08-26'),
	('13', '398', '495', '2022-08-19', '2023-01-22'),
	('14', '326', '177', '2022-08-19', '2022-09-25'),
	('15', '429', '382', '2022-08-19', '2023-08-01'),
	('16', '308', '254', '2022-08-19', '2023-05-21'),
	('17', '275', '406', '2022-08-19', '2022-12-20'),
	('18', '403', '234', '2022-08-19', '2023-04-23'),
	('19', '343', '55', '2022-08-19', '2023-06-09'),
	('20', '323', '38', '2022-08-19', '2023-08-09'),
	('21', '287', '255', '2022-08-19', '2022-10-05'),
	('22', '210', '431', '2022-08-19', '2023-06-21'),
	('23', '286', '101', '2022-08-19', '2023-05-03'),
	('24', '387', '207', '2022-08-19', '2023-02-25'),
	('25', '454', '262', '2022-08-19', '2023-03-03'),
	('26', '20', '348', '2022-08-19', '2022-11-28'),
	('27', '336', '296', '2022-08-19', '2023-05-31'),
	('28', '366', '464', '2022-08-19', '2023-07-07'),
	('29', '349', '156', '2022-08-19', '2023-02-07'),
	('30', '313', '49', '2022-08-19', '2023-03-14'),
	('31', '20', '489', '2022-08-19', '2022-12-19'),
	('32', '92', '271', '2022-08-19', '2022-11-03'),
	('33', '423', '458', '2022-08-19', '2023-06-08'),
	('34', '83', '84', '2022-08-19', '2023-01-16'),
	('35', '74', '122', '2022-08-19', '2023-08-02'),
	('36', '19', '204', '2022-08-19', '2023-07-31'),
	('37', '319', '321', '2022-08-19', '2022-12-07'),
	('38', '41', '392', '2022-08-19', '2023-01-15'),
	('39', '385', '49', '2022-08-19', '2022-09-12'),
	('40', '285', '478', '2022-08-19', '2022-12-23'),
	('41', '353', '283', '2022-08-19', '2023-08-12'),
	('42', '30', '167', '2022-08-19', '2022-08-22'),
	('43', '119', '71', '2022-08-19', '2023-01-17'),
	('44', '109', '406', '2022-08-19', '2022-11-13'),
	('45', '460', '92', '2022-08-19', '2022-11-20'),
	('46', '442', '90', '2022-08-19', '2023-07-24'),
	('47', '266', '237', '2022-08-19', '2023-03-14'),
	('48', '62', '201', '2022-08-19', '2023-06-02'),
	('49', '462', '413', '2022-08-19', '2023-03-02'),
	('50', '328', '144', '2022-08-19', '2022-11-16'),
	('51', '74', '265', '2022-08-19', '2023-04-13'),
	('52', '25', '456', '2022-08-19', '2022-12-09'),
	('53', '287', '285', '2022-08-19', '2023-02-24'),
	('54', '94', '406', '2022-08-19', '2023-01-04'),
	('55', '380', '223', '2022-08-19', '2023-05-18'),
	('56', '113', '340', '2022-08-19', '2023-03-21'),
	('57', '137', '407', '2022-08-19', '2022-12-21'),
	('58', '233', '313', '2022-08-19', '2023-01-24'),
	('59', '163', '410', '2022-08-19', '2023-07-28'),
	('60', '125', '232', '2022-08-19', '2023-02-16'),
	('61', '136', '237', '2022-08-19', '2023-04-23'),
	('62', '37', '364', '2022-08-19', '2023-05-09'),
	('63', '11', '173', '2022-08-19', '2022-12-28'),
	('64', '76', '421', '2022-08-19', '2022-10-21'),
	('65', '276', '392', '2022-08-19', '2023-03-14'),
	('66', '363', '414', '2022-08-19', '2022-09-29'),
	('67', '374', '243', '2022-08-19', '2023-05-23'),
	('68', '442', '167', '2022-08-19', '2023-04-16'),
	('69', '188', '162', '2022-08-19', '2023-01-15'),
	('70', '258', '424', '2022-08-19', '2022-10-21'),
	('71', '117', '440', '2022-08-19', '2022-11-03'),
	('72', '246', '240', '2022-08-19', '2023-02-23'),
	('73', '365', '153', '2022-08-19', '2022-09-03'),
	('74', '202', '152', '2022-08-19', '2023-08-03'),
	('75', '222', '235', '2022-08-19', '2022-11-20'),
	('76', '155', '294', '2022-08-19', '2022-11-16'),
	('77', '270', '435', '2022-08-19', '2022-12-09'),
	('78', '167', '104', '2022-08-19', '2023-08-08'),
	('79', '13', '499', '2022-08-19', '2023-02-24'),
	('80', '94', '159', '2022-08-19', '2023-01-18'),
	('81', '418', '493', '2022-08-19', '2022-10-06'),
	('82', '374', '18', '2022-08-19', '2023-05-17'),
	('83', '395', '422', '2022-08-19', '2023-01-26'),
	('84', '41', '323', '2022-08-19', '2023-06-10'),
	('85', '337', '323', '2022-08-19', '2022-09-24'),
	('86', '58', '212', '2022-08-19', '2023-05-27'),
	('87', '288', '394', '2022-08-19', '2022-09-18'),
	('88', '247', '485', '2022-08-19', '2023-06-14'),
	('89', '124', '418', '2022-08-19', '2023-07-02'),
	('90', '242', '333', '2022-08-19', '2022-12-12'),
	('91', '237', '8', '2022-08-19', '2023-05-22'),
	('92', '28', '8', '2022-08-19', '2023-05-27'),
	('93', '464', '143', '2022-08-19', '2022-09-04'),
	('94', '362', '117', '2022-08-19', '2022-10-23'),
	('95', '93', '422', '2022-08-19', '2022-09-10'),
	('96', '23', '372', '2022-08-19', '2023-04-04'),
	('97', '19', '271', '2022-08-19', '2022-11-03'),
	('98', '220', '406', '2022-08-19', '2022-10-03'),
	('99', '264', '44', '2022-08-19', '2023-05-28'),
	('100', '312', '496', '2022-08-19', '2022-10-27'),
	('101', '485', '35', '2022-08-19', '2022-08-21'),
	('102', '63', '18', '2022-08-19', '2022-11-05'),
	('103', '99', '39', '2022-08-19', '2023-07-25'),
	('104', '287', '377', '2022-08-19', '2022-09-05'),
	('105', '198', '367', '2022-08-19', '2023-06-12'),
	('106', '346', '4', '2022-08-19', '2023-05-26'),
	('107', '453', '149', '2022-08-19', '2023-03-31'),
	('108', '140', '402', '2022-08-19', '2023-02-09'),
	('109', '453', '193', '2022-08-19', '2023-04-09'),
	('110', '117', '377', '2022-08-19', '2022-10-25'),
	('111', '218', '351', '2022-08-19', '2023-06-03'),
	('112', '344', '24', '2022-08-19', '2022-09-30'),
	('113', '187', '82', '2022-08-19', '2022-12-31'),
	('114', '16', '476', '2022-08-19', '2023-03-10'),
	('115', '312', '352', '2022-08-19', '2023-01-09'),
	('116', '473', '316', '2022-08-19', '2022-10-31'),
	('117', '411', '285', '2022-08-19', '2023-01-16'),
	('118', '463', '23', '2022-08-19', '2023-01-21'),
	('119', '400', '323', '2022-08-19', '2023-04-20'),
	('120', '193', '43', '2022-08-19', '2023-07-19'),
	('121', '227', '109', '2022-08-19', '2022-12-26'),
	('122', '249', '178', '2022-08-19', '2023-08-02'),
	('123', '490', '112', '2022-08-19', '2023-06-05'),
	('124', '90', '370', '2022-08-19', '2023-05-06'),
	('125', '80', '166', '2022-08-19', '2023-02-05'),
	('126', '228', '234', '2022-08-19', '2023-03-10'),
	('127', '96', '176', '2022-08-19', '2022-12-24'),
	('128', '404', '123', '2022-08-19', '2023-07-18'),
	('129', '263', '51', '2022-08-19', '2022-10-15'),
	('130', '440', '49', '2022-08-19', '2022-10-12'),
	('131', '226', '240', '2022-08-19', '2023-05-01'),
	('132', '330', '51', '2022-08-19', '2023-05-27'),
	('133', '167', '448', '2022-08-19', '2022-08-19'),
	('134', '198', '83', '2022-08-19', '2023-07-07'),
	('135', '469', '461', '2022-08-19', '2023-04-26'),
	('136', '187', '253', '2022-08-19', '2023-06-25'),
	('137', '330', '372', '2022-08-19', '2023-08-17'),
	('138', '113', '491', '2022-08-19', '2023-08-15'),
	('139', '223', '360', '2022-08-19', '2023-07-27'),
	('140', '317', '408', '2022-08-19', '2023-04-06'),
	('141', '177', '119', '2022-08-19', '2022-10-25'),
	('142', '59', '472', '2022-08-19', '2023-04-04'),
	('143', '6', '363', '2022-08-19', '2022-09-18'),
	('144', '135', '468', '2022-08-19', '2023-07-12'),
	('145', '413', '447', '2022-08-19', '2023-07-03'),
	('146', '138', '429', '2022-08-19', '2022-10-23'),
	('147', '469', '272', '2022-08-19', '2023-03-13'),
	('148', '117', '418', '2022-08-19', '2023-04-20'),
	('149', '10', '146', '2022-08-19', '2023-05-06'),
	('150', '159', '93', '2022-08-19', '2023-07-31');
    CREATE TABLE `provincias` 
(
    `id_provincia`	INT PRIMARY KEY,
    `provincia`	VARCHAR(512)
);
INSERT INTO `provincias` (`id_provincia`, `provincia`) VALUES
	('1', 'Buenos Aires'),
	('2', 'Córdoba'),
	('3', 'Santa Fe'),
	('4', 'Mendoza'),
	('5', 'Tucumán'),
	('6', 'Entre Ríos'),
	('7', 'Salta'),
	('8', 'Chaco'),
	('9', 'Corrientes'),
	('10', 'Santiago del Estero'),
	('11', 'Jujuy'),
	('12', 'Río Negro'),
	('13', 'Neuquén'),
	('14', 'Formosa'),
	('15', 'Chubut'),
	('16', 'San Juan'),
	('17', 'Misiones'),
	('18', 'San Luis'),
	('19', 'La Rioja'),
	('20', 'Catamarca'),
	('21', 'La Pampa'),
	('22', 'Santa Cruz'),
	('23', 'Tierra del Fuego'),
	('24', 'Buenos Aires');
    CREATE TABLE `paises` 
(
    `id_pais`	INT PRIMARY KEY,
    `pais`	VARCHAR(512)
);
INSERT INTO `paises` (`id_pais`, `pais`) VALUES
	('1', 'Argentina'),
	('2', 'Brazil'),
	('3', 'Canada'),
	('4', 'Denmark'),
	('5', 'Egypt'),
	('6', 'France'),
	('7', 'Germany'),
	('8', 'Honduras'),
	('9', 'India'),
	('10', 'Japan'),
	('11', 'Kenya'),
	('12', 'Lebanon'),
	('13', 'Mexico'),
	('14', 'Netherlands'),
	('15', 'Oman'),
	('16', 'Peru'),
	('17', 'Qatar'),
	('18', 'Russia'),
	('19', 'Spain'),
	('20', 'Turkey'),
	('21', 'United States'),
	('22', 'Venezuela'),
	('23', 'Zimbabwe'),
	('24', 'Argentina'),
	('25', 'Brazil'),
	('26', 'Canada'),
	('27', 'Denmark'),
	('28', 'Egypt'),
	('29', 'France'),
	('30', 'Germany'),
	('31', 'Honduras'),
	('32', 'India'),
	('33', 'Japan'),
	('34', 'Kenya'),
	('35', 'Lebanon'),
	('36', 'Mexico'),
	('37', 'Netherlands'),
	('38', 'Oman'),
	('39', 'Peru'),
	('40', 'Qatar'),
	('41', 'Russia'),
	('42', 'Spain'),
	('43', 'Turkey'),
	('44', 'United States'),
	('45', 'Venezuela'),
	('46', 'Zimbabwe'),
	('47', 'Argentina'),
	('48', 'Brazil'),
	('49', 'Canada'),
	('50', 'Denmark'),
	('51', 'Egypt'),
	('52', 'France'),
	('53', 'Germany'),
	('54', 'Honduras'),
	('55', 'India'),
	('56', 'Japan'),
	('57', 'Kenya'),
	('58', 'Lebanon'),
	('59', 'Mexico'),
	('60', 'Netherlands'),
	('61', 'Oman'),
	('62', 'Peru'),
	('63', 'Qatar'),
	('64', 'Russia'),
	('65', 'Spain'),
	('66', 'Turkey'),
	('67', 'United States'),
	('68', 'Venezuela'),
	('69', 'Zimbabwe'),
	('70', 'Argentina'),
	('71', 'Brazil'),
	('72', 'Canada'),
	('73', 'Denmark'),
	('74', 'Egypt'),
	('75', 'France'),
	('76', 'Germany'),
	('77', 'Honduras'),
	('78', 'India'),
	('79', 'Japan'),
	('80', 'Kenya'),
	('81', 'Lebanon'),
	('82', 'Mexico'),
	('83', 'Netherlands'),
	('84', 'Oman'),
	('85', 'Peru'),
	('86', 'Qatar'),
	('87', 'Russia'),
	('88', 'Spain'),
	('89', 'Turkey'),
	('90', 'United States'),
	('91', 'Venezuela'),
	('92', 'Zimbabwe'),
	('93', 'Argentina'),
	('94', 'Brazil'),
	('95', 'Canada'),
	('96', 'Denmark'),
	('97', 'Egypt'),
	('98', 'France'),
	('99', 'Germany'),
	('100', 'Honduras'),
	('101', 'India'),
	('102', 'Japan'),
	('103', 'Kenya'),
	('104', 'Lebanon'),
	('105', 'Mexico'),
	('106', 'Netherlands'),
	('107', 'Oman'),
	('108', 'Peru'),
	('109', 'Qatar'),
	('110', 'Russia'),
	('111', 'Spain'),
	('112', 'Turkey'),
	('113', 'United States'),
	('114', 'Venezuela'),
	('115', 'Zimbabwe'),
	('116', 'Argentina'),
	('117', 'Brazil'),
	('118', 'Canada'),
	('119', 'Denmark'),
	('120', 'Egypt'),
	('121', 'France'),
	('122', 'Germany'),
	('123', 'Honduras'),
	('124', 'India'),
	('125', 'Japan'),
	('126', 'Kenya'),
	('127', 'Lebanon'),
	('128', 'Mexico'),
	('129', 'Netherlands'),
	('130', 'Oman'),
	('131', 'Peru'),
	('132', 'Qatar'),
	('133', 'Russia'),
	('134', 'Spain'),
	('135', 'Turkey'),
	('136', 'United States'),
	('137', 'Venezuela'),
	('138', 'Zimbabwe'),
	('139', 'Argentina'),
	('140', 'Brazil'),
	('141', 'Canada'),
	('142', 'Denmark'),
	('143', 'Egypt'),
	('144', 'France'),
	('145', 'Germany'),
	('146', 'Honduras'),
	('147', 'India'),
	('148', 'Japan'),
	('149', 'Kenya'),
	('150', 'Lebanon'),
	('151', 'Mexico'),
	('152', 'Netherlands'),
	('153', 'Oman'),
	('154', 'Peru'),
	('155', 'Qatar'),
	('156', 'Russia'),
	('157', 'Spain'),
	('158', 'Turkey'),
	('159', 'United States'),
	('160', 'Venezuela'),
	('161', 'Zimbabwe'),
	('162', 'Argentina'),
	('163', 'Brazil'),
	('164', 'Canada'),
	('165', 'Denmark'),
	('166', 'Egypt'),
	('167', 'France'),
	('168', 'Germany'),
	('169', 'Honduras'),
	('170', 'India'),
	('171', 'Japan'),
	('172', 'Kenya'),
	('173', 'Lebanon'),
	('174', 'Mexico'),
	('175', 'Netherlands'),
	('176', 'Oman'),
	('177', 'Peru'),
	('178', 'Qatar'),
	('179', 'Russia'),
	('180', 'Spain'),
	('181', 'Turkey'),
	('182', 'United States'),
	('183', 'Venezuela'),
	('184', 'Zimbabwe'),
	('185', 'Argentina'),
	('186', 'Brazil'),
	('187', 'Canada'),
	('188', 'Denmark'),
	('189', 'Egypt'),
	('190', 'France'),
	('191', 'Germany'),
	('192', 'Honduras'),
	('193', 'India'),
	('194', 'Japan'),
	('195', 'Kenya'),
	('196', 'Lebanon'),
	('197', 'Mexico'),
	('198', 'Netherlands'),
	('199', 'Oman'),
	('200', 'Peru'),
	('201', 'Qatar'),
	('202', 'Russia'),
	('203', 'Spain'),
	('204', 'Turkey'),
	('205', 'United States'),
	('206', 'Venezuela'),
	('207', 'Zimbabwe'),
	('208', 'Argentina'),
	('209', 'Brazil'),
	('210', 'Canada'),
	('211', 'Denmark'),
	('212', 'Egypt'),
	('213', 'France'),
	('214', 'Germany'),
	('215', 'Honduras'),
	('216', 'India'),
	('217', 'Japan'),
	('218', 'Kenya'),
	('219', 'Lebanon'),
	('220', 'Mexico'),
	('221', 'Netherlands'),
	('222', 'Oman'),
	('223', 'Peru'),
	('224', 'Qatar'),
	('225', 'Russia'),
	('226', 'Spain'),
	('227', 'Turkey'),
	('228', 'United States'),
	('229', 'Venezuela'),
	('230', 'Zimbabwe'),
	('231', 'Argentina'),
	('232', 'Brazil'),
	('233', 'Canada'),
	('234', 'Denmark'),
	('235', 'Egypt'),
	('236', 'France'),
	('237', 'Germany'),
	('238', 'Honduras'),
	('239', 'India'),
	('240', 'Japan'),
	('241', 'Kenya'),
	('242', 'Lebanon'),
	('243', 'Mexico'),
	('244', 'Netherlands'),
	('245', 'Oman'),
	('246', 'Peru'),
	('247', 'Qatar'),
	('248', 'Russia'),
	('249', 'Spain'),
	('250', 'Turkey'),
	('251', 'United States'),
	('252', 'Venezuela'),
	('253', 'Zimbabwe'),
	('254', 'Argentina'),
	('255', 'Brazil'),
	('256', 'Canada'),
	('257', 'Denmark'),
	('258', 'Egypt'),
	('259', 'France'),
	('260', 'Germany'),
	('261', 'Honduras'),
	('262', 'India'),
	('263', 'Japan'),
	('264', 'Kenya'),
	('265', 'Lebanon'),
	('266', 'Mexico'),
	('267', 'Netherlands'),
	('268', 'Oman'),
	('269', 'Peru'),
	('270', 'Qatar'),
	('271', 'Russia'),
	('272', 'Spain'),
	('273', 'Turkey'),
	('274', 'United States'),
	('275', 'Venezuela'),
	('276', 'Zimbabwe'),
	('277', 'Argentina'),
	('278', 'Brazil'),
	('279', 'Canada'),
	('280', 'Denmark'),
	('281', 'Egypt'),
	('282', 'France'),
	('283', 'Germany'),
	('284', 'Honduras'),
	('285', 'India'),
	('286', 'Japan'),
	('287', 'Kenya'),
	('288', 'Lebanon'),
	('289', 'Mexico'),
	('290', 'Netherlands');
    
    ALTER TABLE adoptantes
    ADD CONSTRAINT fk_adoptantes_animales
    FOREIGN KEY adoptantes (id_animal) REFERENCES animales (id_animal)
    ON DELETE RESTRICT
    ON UPDATE CASCADE;
    
    ALTER TABLE animales
    ADD CONSTRAINT fk_animales_estados
    FOREIGN KEY animales (id_estado) REFERENCES animales_estado (id_estado)
    ON DELETE RESTRICT
    ON UPDATE CASCADE;
    
    ALTER TABLE costos
    ADD CONSTRAINT fk_costos_medicamentos
    FOREIGN KEY costos (id_medicamento) REFERENCES medicamentos (id_medicamento)
    ON DELETE RESTRICT
    ON UPDATE CASCADE;
    
    ALTER TABLE costos
    ADD CONSTRAINT fk_costos_productos
    FOREIGN KEY costos (id_producto) REFERENCES compras (id_producto)
    ON DELETE RESTRICT
    ON UPDATE CASCADE;
    
    ALTER TABLE donaciones
    ADD CONSTRAINT fk_donaciones_donantes
    FOREIGN KEY donaciones (id_donante) REFERENCES donantes (id_donante)
    ON DELETE RESTRICT
    ON UPDATE CASCADE;
    
    ALTER TABLE donantes
    ADD CONSTRAINT fk_donantes_pais
    FOREIGN KEY donantes (id_pais) REFERENCES paises (id_pais)
    ON DELETE RESTRICT
    ON UPDATE CASCADE;
    
    ALTER TABLE donantes
    ADD CONSTRAINT fk_donantes_provincia
    FOREIGN KEY donantes (id_provincia) REFERENCES provincias (id_provincia)
    ON DELETE RESTRICT
    ON UPDATE CASCADE;
    
    ALTER TABLE empleados
	ADD CONSTRAINT fk_empleados_provincia
    FOREIGN KEY empleados (id_provincia) REFERENCES provincias (id_provincia)
    ON DELETE RESTRICT
    ON UPDATE CASCADE;
    
	ALTER TABLE empleados
    ADD CONSTRAINT fk_empleados_pais
    FOREIGN KEY empleados (id_pais) REFERENCES paises (id_pais)
    ON DELETE RESTRICT
    ON UPDATE CASCADE;
    
	ALTER TABLE empleados
    ADD CONSTRAINT fk_empleados_localidad
    FOREIGN KEY empleados (id_localidad) REFERENCES localidad (id_localidad)
    ON DELETE RESTRICT
    ON UPDATE CASCADE;
    
    ALTER TABLE empleados
    ADD CONSTRAINT fk_empleados_cargo
    FOREIGN KEY empleados (id_cargo) REFERENCES lista_cargos (id_cargo)
    ON DELETE RESTRICT
    ON UPDATE CASCADE;
    
    ALTER TABLE responsable
    ADD CONSTRAINT fk_responsable_empleado
    FOREIGN KEY responsable (id_empleado) REFERENCES empleados (id_empleado)
    ON DELETE RESTRICT
    ON UPDATE CASCADE;
    
    ALTER TABLE responsable
    ADD CONSTRAINT responsable_animal
    FOREIGN KEY responsable (id_animal) REFERENCES animales (id_animal)
    ON DELETE RESTRICT
    ON UPDATE CASCADE;
    
    ALTER TABLE tratamientos
    ADD CONSTRAINT fk_tratamiento_animal
    FOREIGN KEY tratamientos (id_animal) REFERENCES animales (id_animal)
    ON DELETE RESTRICT
    ON UPDATE CASCADE;
    
    ALTER TABLE tratamientos
    ADD CONSTRAINT fk_tratamiento_medicacion
    FOREIGN KEY tratamientos (id_medicamento) REFERENCES medicamentos (id_medicamento)
    ON DELETE RESTRICT
    ON UPDATE CASCADE;
    
CREATE OR REPLACE VIEW responsables_detalle AS
(
SELECT 
e.nombre_empleado, e.apellido_empleado, r.id_empleado, 
r.id_animal, r.descripcion_responsabilidad AS detalle, r.rutina, a.nombre_animal
FROM responsable AS r
INNER JOIN empleados AS e
ON e.id_empleado = r.id_empleado
INNER JOIN animales AS a
ON a.id_animal = r.id_animal
ORDER BY id_animal ASC
);

CREATE OR REPLACE VIEW animales_sin_raza AS
(
	SELECT *
    FROM animales
    WHERE raza_animal IS NULL
);

CREATE OR REPLACE VIEW adoptantes_resumen AS
(
    SELECT a.id_adoptante, a.nombre_adoptante AS nombre, 
    a.apellido_adoptante AS apellido, 
    a.id_animal, a.dni_adoptante AS DNI
    FROM adoptantes AS a
	INNER JOIN animales AS n 
    ON a.id_animal = n.id_animal
);

CREATE OR REPLACE VIEW costos_medicamentos AS
(
	SELECT id_medicamento, tipo_medicamento AS tipo, 
    precio_unitario, monto_impositivo, 
    monto_total AS total
    FROM medicamentos
);

CREATE OR REPLACE VIEW compras_costos AS
(
	SELECT id_producto, tipo_compra AS tipo_producto,
	precio_unitario, monto_impositivo AS impuestos, monto_total AS total
	FROM compras
);

CREATE OR REPLACE VIEW inventario AS
(
	SELECT c.id_medicamento, m.cantidad AS cantidad_medicamentos, 
	c.id_producto, k.cantidad AS cantidad_productos
	FROM  costos AS c
	INNER JOIN medicamentos AS m
	ON c.id_medicamento = m.id_medicamento
	INNER JOIN compras AS k
	ON k.id_producto = c.id_producto
);

DELIMITER //
CREATE FUNCTION `cuenta_tratamiento` (animal_id INT) 
RETURNS INT
READS SQL DATA
BEGIN
    DECLARE resultado INT;
    
    SELECT COUNT(*) AS cantidad_tratamientos INTO resultado
    FROM tratamientos
    WHERE id_animal = animal_id;
    
    RETURN resultado;
END;
//
DELIMITER ;

DELIMITER //
CREATE FUNCTION `hacer_totales`(producto_id INT) 
RETURNS FLOAT
READS SQL DATA
BEGIN
	DECLARE total FLOAT;
    
    SELECT SUM(precio_unitario + monto_impositivo) INTO total
	FROM compras
	WHERE id_producto = producto_id;

	RETURN total;
END;
//
DELIMITER ;

DELIMITER //
CREATE FUNCTION `hacer_totales_medicamentos`(medicamento_id INT) 
RETURNS FLOAT
READS SQL DATA
BEGIN
	DECLARE total FLOAT;
    
	SELECT SUM(precio_unitario + monto_impositivo) INTO total
    FROM medicamentos
    WHERE id_medicamento = medicamento_id;
    
    RETURN total;
END;
//
DELIMITER ;

DELIMITER //
CREATE FUNCTION `actualizar_totales_medicamentos`(medicamento_id INT) 
RETURNS varchar(255) 
DETERMINISTIC
BEGIN
	DECLARE resultado VARCHAR(255);
    
    UPDATE medicamentos
	SET monto_total = ((SELECT hacer_totales_medicamentos (medicamento_id)))
	WHERE id_medicamento = medicamento_id;
    
    SET resultado = 'REGISTRO ACTUALIZADO CON ÉXITO';
    RETURN resultado;
END;
//
DELIMITER ;

DELIMITER //
CREATE FUNCTION `actualizar_totales_compras`(producto_id INT) 
RETURNS varchar(255) 
DETERMINISTIC
BEGIN
	DECLARE resultado VARCHAR(255);
    
    UPDATE compras
	SET monto_total = ((SELECT hacer_totales (producto_id)))
	WHERE id_producto = producto_id;
    
    SET resultado = 'REGISTRO ACTUALIZADO CON ÉXITO';
    RETURN resultado;
    
END;
//
DELIMITER ;

DELIMITER //
CREATE  PROCEDURE `delete_responsable`(IN responsable_id INT)
BEGIN
	IF responsable_id = ' ' THEN
		SELECT 'NO CUMPLE CON PARAMETRO';
	ELSE  
		DELETE FROM responsable WHERE id_responsable = responsable_id;
        
        SELECT * FROM responsable;
	END IF;
END
//
DELIMITER ;

DELIMITER //
CREATE PROCEDURE `sp_ordenar_top_donantes`(IN field VARCHAR(50), IN order_type VARCHAR (10))
BEGIN
	IF field <> ' ' AND order_type <> ' ' THEN
		SET @donante_order = CONCAT(' ORDER BY ', field, ' ', order_type);
	ELSEIF field <> ' ' AND order_type = ' ' THEN
		SET @donante_order = CONCAT(' ORDER BY ', field);
	ELSE
		SET @donante_order = ' ';
	END IF;
	
    SET @clausula = CONCAT('SELECT d.monto, d.fecha_donacion, n.nombre, n.apellido 
    FROM donaciones d 
    INNER JOIN donantes n
	ON d.id_donante = n.id_donante', @donante_order);
    PREPARE instruccion FROM @clausula;
    EXECUTE instruccion;
    DEALLOCATE PREPARE instruccion;
END
//
DELIMITER ;

CREATE TABLE before_logs_animales_ests
(
	id_animal INT,
    id_estado INT,
    usuario VARCHAR (60),
    fecha_modificacion DATE,
    hora_modificacion TIME
);

CREATE TABLE after_logs_animales_edad
(
	id_animal INT,
    edad_estimada_animal INT,
    usuario VARCHAR (60),
    fecha_modificacion DATE,
    hora_modificacion TIME
);

CREATE TABLE before_logs_responsables
(
	id_responsable INT,
    id_animal INT,
    id_empleado INT,
	usuario VARCHAR (60),
    fecha_modificacion DATE,
    hora_modificacion TIME
);

CREATE TABLE after_logs_rutina
(
	id_responsable INT,
    id_animal INT,
    rutina VARCHAR (200),
	usuario VARCHAR (60),
    fecha_modificacion DATE,
    hora_modificacion TIME
);
 

/*Este trigger registra los estados anteriores de los animales, ya que el estado de cada uno es modificable*/
DELIMITER //
CREATE TRIGGER before_update_animales
BEFORE UPDATE ON animales
FOR EACH ROW
BEGIN
    INSERT INTO before_logs_animales_ests (id_animal, id_estado, usuario, fecha_modificacion, hora_modificacion)
    VALUES (OLD.id_animal, OLD.id_estado, USER(), CURDATE(), CURTIME());
END;
//
DELIMITER ;

/*Este trigger guarda la edad nueva de los animales a medida de que van creciendo*/
DELIMITER //
CREATE TRIGGER after_update_animal_edad
AFTER UPDATE ON animales
FOR EACH ROW
BEGIN
	INSERT INTO after_logs_animales_edad (id_animal, edad_estimada_animal, usuario, fecha_modificacion, hora_modificacion)
	VALUES (NEW.id_animal, NEW.edad_estimada_animal, USER(), CURDATE(), CURTIME());
END;
//
DELIMITER ;

/*Este trigger guarda en la tabla de logs los responsables que ya no lo son. Para poder identificar los animales que se quedaron sin responsable*/
DELIMITER //
CREATE TRIGGER before_delete_responsable
BEFORE DELETE ON responsable
FOR EACH ROW
BEGIN
	INSERT INTO before_logs_responsables (id_responsable, id_animal, id_empleado, usuario, fecha_modificacion, hora_modificacion)
	VALUES (OLD.id_responsable, OLD.id_animal, OLD.id_empleado, USER(), CURDATE(), CURTIME());
END;
//
DELIMITER ;

/*Ese trigger registra las nuevas rutinas de cada animal, en caso de que sean modificadas*/
DELIMITER //
CREATE TRIGGER after_update_rutina
AFTER UPDATE ON responsable
FOR EACH ROW
BEGIN
	INSERT INTO after_logs_rutina (id_responsable, id_animal, rutina, usuario, fecha_modificacion, hora_modificacion)
	VALUES (NEW.id_responsable, NEW.id_animal, NEW.rutina, USER(), CURDATE(), CURTIME());
END
//
DELIMITER ;



    
    